#
# There is insufficient memory for the Java Runtime Environment to continue.
# Native memory allocation (mmap) failed to map 415236096 bytes. Error detail: G1 virtual space
# Possible reasons:
#   The system is out of physical RAM or swap space
#   This process is running with CompressedOops enabled, and the Java Heap may be blocking the growth of the native heap
# Possible solutions:
#   Reduce memory load on the system
#   Increase physical memory or swap space
#   Check if swap backing store is full
#   Decrease Java heap size (-Xmx/-Xms)
#   Decrease number of Java threads
#   Decrease Java thread stack sizes (-Xss)
#   Set larger code cache with -XX:ReservedCodeCacheSize=
#   JVM is running with Zero Based Compressed Oops mode in which the Java heap is
#     placed in the first 32GB address space. The Java Heap base address is the
#     maximum limit for the native heap growth. Please use -XX:HeapBaseMinAddress
#     to set the Java Heap base and to place the Java Heap above 32GB virtual address.
# This output file may be truncated or incomplete.
#
#  Out of Memory Error (os_windows.cpp:3714), pid=10196, tid=8596
#
# JRE version: OpenJDK Runtime Environment Zulu21.50+19-CA (21.0.11+10) (build 21.0.11+10-LTS)
# Java VM: OpenJDK 64-Bit Server VM Zulu21.50+19-CA (21.0.11+10-LTS, mixed mode, sharing, tiered, compressed oops, compressed class ptrs, g1 gc, windows-amd64)
# No core dump will be written. Minidumps are not enabled by default on client versions of Windows
#

---------------  S U M M A R Y ------------

Command Line: --add-opens=java.base/java.lang=ALL-UNNAMED --add-opens=java.base/java.lang.invoke=ALL-UNNAMED --add-opens=java.base/java.util=ALL-UNNAMED --add-opens=java.prefs/java.util.prefs=ALL-UNNAMED --add-exports=jdk.compiler/com.sun.tools.javac.api=ALL-UNNAMED --add-exports=jdk.compiler/com.sun.tools.javac.util=ALL-UNNAMED --add-opens=java.base/java.util=ALL-UNNAMED --add-opens=java.prefs/java.util.prefs=ALL-UNNAMED --add-opens=java.base/java.nio.charset=ALL-UNNAMED --add-opens=java.base/java.net=ALL-UNNAMED --add-opens=java.base/java.util.concurrent.atomic=ALL-UNNAMED --add-opens=java.xml/javax.xml.namespace=ALL-UNNAMED -Xmx4096M -Dfile.encoding=UTF-8 -Duser.country=419 -Duser.language=es -Duser.variant -javaagent:C:\Users\Pandora\.gradle\wrapper\dists\gradle-8.13-bin\5xuhj0ry160q40clulazy9h7d\gradle-8.13\lib\agents\gradle-instrumentation-agent-8.13.jar org.gradle.launcher.daemon.bootstrap.GradleDaemon 8.13

Host: AMD Ryzen 5 PRO 4650G with Radeon Graphics, 12 cores, 15G,  Windows 11 , 64 bit Build 26100 (10.0.26100.9444)
Time: Sun Oct  4 14:13:35 2026 Hora estándar de Argentina elapsed time: 1951.204629 seconds (0d 0h 32m 31s)

---------------  T H R E A D  ---------------

Current thread (0x0000021db054d1a0):  VMThread "VM Thread"          [id=8596, stack(0x000000b365a00000,0x000000b365b00000) (1024K)]

Stack: [0x000000b365a00000,0x000000b365b00000]
Native frames: (J=compiled Java code, j=interpreted, Vv=VM code, C=native code)
V  [jvm.dll+0x702609]
V  [jvm.dll+0x8e6e6f]
V  [jvm.dll+0x8e9318]
V  [jvm.dll+0x8e9a83]
V  [jvm.dll+0x29bff6]
V  [jvm.dll+0x6fecf5]
V  [jvm.dll+0x6f269a]
V  [jvm.dll+0x378fea]
V  [jvm.dll+0x380eb6]
V  [jvm.dll+0x3d5c25]
V  [jvm.dll+0x3d5ee8]
V  [jvm.dll+0x34ade3]
V  [jvm.dll+0x34ae77]
V  [jvm.dll+0x3918fc]
V  [jvm.dll+0x390112]
V  [jvm.dll+0x34a581]
V  [jvm.dll+0x38f7ca]
V  [jvm.dll+0x8efa06]
V  [jvm.dll+0x8f0dee]
V  [jvm.dll+0x8f1330]
V  [jvm.dll+0x8f15d3]
V  [jvm.dll+0x88f476]
V  [jvm.dll+0x700cc4]
C  [ucrtbase.dll+0x2cd30]
C  [KERNEL32.DLL+0x2cd87]
C  [ntdll.dll+0xacaec]

VM_Operation (0x000000b36b9f9000): G1CollectForAllocation, mode: safepoint, requested by thread 0x0000021dfd561510


---------------  P R O C E S S  ---------------

Threads class SMR info:
_java_thread_list=0x0000021dfcb1dc30, length=217, elements={
0x0000021d8fa80e70, 0x0000021db056ce10, 0x0000021db056da70, 0x0000021db0575950,
0x0000021db0576ec0, 0x0000021db057adf0, 0x0000021db05807e0, 0x0000021db05831b0,
0x0000021db0586800, 0x0000021db07cb940, 0x0000021db088c7b0, 0x0000021df769d810,
0x0000021df77254a0, 0x0000021df7676680, 0x0000021df7ac31a0, 0x0000021df7ac1df0,
0x0000021df7ac3830, 0x0000021df7ac5900, 0x0000021df7ac6cb0, 0x0000021df7ac5f90,
0x0000021dfbaff680, 0x0000021df981f0e0, 0x0000021df844bf40, 0x0000021dfd2d17c0,
0x0000021dfd2d1e50, 0x0000021d88336820, 0x0000021dfe27f340, 0x0000021dfe27cbe0,
0x0000021d86606910, 0x0000021d851ce260, 0x0000021dffc61690, 0x0000021dffc630d0,
0x0000021d855ac4f0, 0x0000021d855a9700, 0x0000021dfe369c40, 0x0000021dfe36a2d0,
0x0000021dff1ec540, 0x0000021d84c7cb30, 0x0000021d84c7b780, 0x0000021dffc64480,
0x0000021dffc61000, 0x0000021dffc63df0, 0x0000021dffc61d20, 0x0000021d87d7a5e0,
0x0000021dff4e3650, 0x0000021d86705520, 0x0000021dfd87b110, 0x0000021d84c730d0,
0x0000021d84c73760, 0x0000021d84c74480, 0x0000021dff4e3ce0, 0x0000021dff4e22a0,
0x0000021dff4e2fc0, 0x0000021dff4e4370, 0x0000021dff4e4a00, 0x0000021dff4e5090,
0x0000021d8678d9d0, 0x0000021d8678bf90, 0x0000021d8678a550, 0x0000021d8678b270,
0x0000021d8678ccb0, 0x0000021e0460c090, 0x0000021e0460a650, 0x0000021e0460b370,
0x0000021e0460ba00, 0x0000021e0460ace0, 0x0000021d8840be10, 0x0000021d8840c4a0,
0x0000021d8840b780, 0x0000021d8840b0f0, 0x0000021d8840cb30, 0x0000021d8840a3d0,
0x0000021d8840d1c0, 0x0000021e05f34da0, 0x0000021e05f32640, 0x0000021e05f36150,
0x0000021d8840dee0, 0x0000021d8840aa60, 0x0000021d8840ec00, 0x0000021d8840e570,
0x0000021d88410640, 0x0000021d8840f920, 0x0000021d8840ffb0, 0x0000021d88410cd0,
0x0000021d88411360, 0x0000021e0460d440, 0x0000021e0460c720, 0x0000021e0460cdb0,
0x0000021dfd561510, 0x0000021dfd562230, 0x0000021dfd561ba0, 0x0000021d88113410,
0x0000021d88113aa0, 0x0000021d88114130, 0x0000021d881126f0, 0x0000021d88112060,
0x0000021d881147c0, 0x0000021d88114e50, 0x0000021d84c7be10, 0x0000021d84c7dee0,
0x0000021d84c7b0f0, 0x0000021d84c7c4a0, 0x0000021d84c7d1c0, 0x0000021d84c7d850,
0x0000021d84c7aa60, 0x0000021dffc623b0, 0x0000021dffc62a40, 0x0000021e05486c10,
0x0000021d8b96f6c0, 0x0000021d8b971100, 0x0000021dfe27ecb0, 0x0000021dfe2806f0,
0x0000021d85c60060, 0x0000021dfe91cc30, 0x0000021dfe91ed00, 0x0000021dfe91dfe0,
0x0000021dfe923bc0, 0x0000021dfe922180, 0x0000021dfe922ea0, 0x0000021dfe924250,
0x0000021dfe922810, 0x0000021dfe923530, 0x0000021dff3063e0, 0x0000021dfd54b740,
0x0000021dfd54aa20, 0x0000021dfd54a390, 0x0000021dfd548fe0, 0x0000021dfd54b0b0,
0x0000021dfe27d270, 0x0000021dfe280d80, 0x0000021d8678c620, 0x0000021dfe27d900,
0x0000021dff307100, 0x0000021d8678abe0, 0x0000021d8678b900, 0x0000021d855ab140,
0x0000021d89cc0e20, 0x0000021dfe283b70, 0x0000021dfd54c460, 0x0000021dfe284200,
0x0000021d8b9724b0, 0x0000021d89cc14b0, 0x0000021d89cbe030, 0x0000021d89cbfa70,
0x0000021dff307790, 0x0000021d89cbed50, 0x0000021dff307e20, 0x0000021e05f35430,
0x0000021d89cbf3e0, 0x0000021dff305030, 0x0000021dff3056c0, 0x0000021e05f33360,
0x0000021e05f35ac0, 0x0000021df9406b50, 0x0000021dfd54d180, 0x0000021d89cc0100,
0x0000021e054872a0, 0x0000021d89cbe6c0, 0x0000021d855a9d90, 0x0000021d890cf410,
0x0000021dfe282e50, 0x0000021df9409940, 0x0000021d890d14e0, 0x0000021d84c75ec0,
0x0000021df9409fd0, 0x0000021dfd5628c0, 0x0000021d8b96f030, 0x0000021dfd54e530,
0x0000021d855aa420, 0x0000021d855aaab0, 0x0000021d8b96fd50, 0x0000021d855ab7d0,
0x0000021d8b971e20, 0x0000021d855abe60, 0x0000021dfcfa3370, 0x0000021d855a9070,
0x0000021dfe368f20, 0x0000021dfe36a960, 0x0000021dfe36b680, 0x0000021dfe3695b0,
0x0000021dffc63760, 0x0000021dfd562f50, 0x0000021e054851d0, 0x0000021d84c74b10,
0x0000021d84c751a0, 0x0000021dfd98e130, 0x0000021dfd98daa0, 0x0000021dfd98ee50,
0x0000021dfd98c060, 0x0000021d8889bb30, 0x0000021d8889c850, 0x0000021d8889c1c0,
0x0000021d8889b4a0, 0x0000021d87f23640, 0x0000021d87f24360, 0x0000021d8b970a70,
0x0000021d87662f90, 0x0000021d87661550, 0x0000021d87662900, 0x0000021d87663cb0,
0x0000021d87661be0, 0x0000021d8505fe90, 0x0000021d8505e450, 0x0000021d85060bb0,
0x0000021d8505f170, 0x0000021d8ba53080, 0x0000021d8ba53710, 0x0000021d88bc5520,
0x0000021d88bc2730, 0x0000021d88bc5bb0, 0x0000021d88bc4e90, 0x0000021d88bc6240,
0x0000021d88bc2dc0, 0x0000021d88bc9d50, 0x0000021d850ac530, 0x0000021d850b3fd0,
0x0000021dfe280060
}

Java Threads: ( => current thread )
  0x0000021d8fa80e70 JavaThread "main"                              [_thread_blocked, id=23120, stack(0x000000b365300000,0x000000b365400000) (1024K)]
  0x0000021db056ce10 JavaThread "Reference Handler"          daemon [_thread_blocked, id=6068, stack(0x000000b365b00000,0x000000b365c00000) (1024K)]
  0x0000021db056da70 JavaThread "Finalizer"                  daemon [_thread_blocked, id=8432, stack(0x000000b365c00000,0x000000b365d00000) (1024K)]
  0x0000021db0575950 JavaThread "Signal Dispatcher"          daemon [_thread_blocked, id=1320, stack(0x000000b365d00000,0x000000b365e00000) (1024K)]
  0x0000021db0576ec0 JavaThread "Attach Listener"            daemon [_thread_blocked, id=2412, stack(0x000000b365e00000,0x000000b365f00000) (1024K)]
  0x0000021db057adf0 JavaThread "Service Thread"             daemon [_thread_blocked, id=14720, stack(0x000000b365f00000,0x000000b366000000) (1024K)]
  0x0000021db05807e0 JavaThread "Monitor Deflation Thread"   daemon [_thread_blocked, id=3436, stack(0x000000b366000000,0x000000b366100000) (1024K)]
  0x0000021db05831b0 JavaThread "C2 CompilerThread0"         daemon [_thread_blocked, id=17684, stack(0x000000b366100000,0x000000b366200000) (1024K)]
  0x0000021db0586800 JavaThread "C1 CompilerThread0"         daemon [_thread_blocked, id=23164, stack(0x000000b366200000,0x000000b366300000) (1024K)]
  0x0000021db07cb940 JavaThread "Common-Cleaner"             daemon [_thread_blocked, id=14280, stack(0x000000b366400000,0x000000b366500000) (1024K)]
  0x0000021db088c7b0 JavaThread "Notification Thread"        daemon [_thread_blocked, id=8952, stack(0x000000b366500000,0x000000b366600000) (1024K)]
  0x0000021df769d810 JavaThread "Daemon health stats"               [_thread_blocked, id=20440, stack(0x000000b366a00000,0x000000b366b00000) (1024K)]
  0x0000021df77254a0 JavaThread "Incoming local TCP Connector on port 54516"        [_thread_in_native, id=20756, stack(0x000000b367000000,0x000000b367100000) (1024K)]
  0x0000021df7676680 JavaThread "Daemon periodic checks"            [_thread_blocked, id=15112, stack(0x000000b367100000,0x000000b367200000) (1024K)]
  0x0000021df7ac31a0 JavaThread "Cache worker for journal cache (C:\Users\Pandora\.gradle\caches\journal-1)"        [_thread_blocked, id=18484, stack(0x000000b367800000,0x000000b367900000) (1024K)]
  0x0000021df7ac1df0 JavaThread "File lock request listener"        [_thread_in_native, id=9012, stack(0x000000b367900000,0x000000b367a00000) (1024K)]
  0x0000021df7ac3830 JavaThread "Cache worker for file hash cache (C:\Users\Pandora\.gradle\caches\8.13\fileHashes)"        [_thread_blocked, id=20184, stack(0x000000b367a00000,0x000000b367b00000) (1024K)]
  0x0000021df7ac5900 JavaThread "Cache worker for file content cache (C:\Users\Pandora\.gradle\caches\8.13\fileContent)"        [_thread_blocked, id=11600, stack(0x000000b367c00000,0x000000b367d00000) (1024K)]
  0x0000021df7ac6cb0 JavaThread "File watcher server"        daemon [_thread_blocked, id=12868, stack(0x000000b368200000,0x000000b368300000) (1024K)]
  0x0000021df7ac5f90 JavaThread "File watcher consumer"      daemon [_thread_blocked, id=6064, stack(0x000000b368300000,0x000000b368400000) (1024K)]
  0x0000021dfbaff680 JavaThread "Memory manager"                    [_thread_blocked, id=9436, stack(0x000000b368700000,0x000000b368800000) (1024K)]
  0x0000021df981f0e0 JavaThread "pool-3-thread-1"                   [_thread_blocked, id=11380, stack(0x000000b36ab00000,0x000000b36ac00000) (1024K)]
  0x0000021df844bf40 JavaThread "pool-5-thread-1"                   [_thread_blocked, id=8588, stack(0x000000b369600000,0x000000b369700000) (1024K)]
  0x0000021dfd2d17c0 JavaThread "jar transforms"                    [_thread_blocked, id=22128, stack(0x000000b368400000,0x000000b368500000) (1024K)]
  0x0000021dfd2d1e50 JavaThread "jar transforms Thread 2"           [_thread_blocked, id=2300, stack(0x000000b368500000,0x000000b368600000) (1024K)]
  0x0000021d88336820 JavaThread "jar transforms Thread 3"           [_thread_blocked, id=13120, stack(0x000000b368600000,0x000000b368700000) (1024K)]
  0x0000021dfe27f340 JavaThread "jar transforms Thread 4"           [_thread_blocked, id=19448, stack(0x000000b369200000,0x000000b369300000) (1024K)]
  0x0000021dfe27cbe0 JavaThread "jar transforms Thread 5"           [_thread_blocked, id=13224, stack(0x000000b369300000,0x000000b369400000) (1024K)]
  0x0000021d86606910 JavaThread "jar transforms Thread 6"           [_thread_blocked, id=19296, stack(0x000000b369900000,0x000000b369a00000) (1024K)]
  0x0000021d851ce260 JavaThread "jar transforms Thread 7"           [_thread_blocked, id=5520, stack(0x000000b369a00000,0x000000b369b00000) (1024K)]
  0x0000021dffc61690 JavaThread "jar transforms Thread 8"           [_thread_blocked, id=22036, stack(0x000000b369b00000,0x000000b369c00000) (1024K)]
  0x0000021dffc630d0 JavaThread "pool-8-thread-1"                   [_thread_blocked, id=16768, stack(0x000000b36b400000,0x000000b36b500000) (1024K)]
  0x0000021d855ac4f0 JavaThread "RMI Scheduler(0)"           daemon [_thread_blocked, id=8064, stack(0x000000b36fe00000,0x000000b36ff00000) (1024K)]
  0x0000021d855a9700 JavaThread "RMI GC Daemon"              daemon [_thread_blocked, id=11188, stack(0x000000b370000000,0x000000b370100000) (1024K)]
  0x0000021dfe369c40 JavaThread "RMI TCP Accept-0"           daemon [_thread_in_native, id=21116, stack(0x000000b370100000,0x000000b370200000) (1024K)]
  0x0000021dfe36a2d0 JavaThread "RMI Reaper"                        [_thread_blocked, id=11820, stack(0x000000b370200000,0x000000b370300000) (1024K)]
  0x0000021dff1ec540 JavaThread "pool-13-thread-1"                  [_thread_blocked, id=13692, stack(0x000000b36b100000,0x000000b36b200000) (1024K)]
  0x0000021d84c7cb30 JavaThread "pool-16-thread-1"                  [_thread_blocked, id=22452, stack(0x000000b36a000000,0x000000b36a100000) (1024K)]
  0x0000021d84c7b780 JavaThread "pool-19-thread-1"                  [_thread_blocked, id=23132, stack(0x000000b369f00000,0x000000b36a000000) (1024K)]
  0x0000021dffc64480 JavaThread "jar transforms Thread 9"           [_thread_blocked, id=9200, stack(0x000000b368000000,0x000000b368100000) (1024K)]
  0x0000021dffc61000 JavaThread "jar transforms Thread 10"          [_thread_blocked, id=12508, stack(0x000000b368100000,0x000000b368200000) (1024K)]
  0x0000021dffc63df0 JavaThread "jar transforms Thread 11"          [_thread_blocked, id=13256, stack(0x000000b368800000,0x000000b368900000) (1024K)]
  0x0000021dffc61d20 JavaThread "jar transforms Thread 12"          [_thread_blocked, id=22336, stack(0x000000b368900000,0x000000b368a00000) (1024K)]
  0x0000021d87d7a5e0 JavaThread "pool-23-thread-1"                  [_thread_blocked, id=18940, stack(0x000000b36a400000,0x000000b36a500000) (1024K)]
  0x0000021dff4e3650 JavaThread "pool-26-thread-1"                  [_thread_blocked, id=23464, stack(0x000000b36b200000,0x000000b36b300000) (1024K)]
  0x0000021d86705520 JavaThread "pool-29-thread-1"                  [_thread_blocked, id=15488, stack(0x000000b36ba00000,0x000000b36bb00000) (1024K)]
  0x0000021dfd87b110 JavaThread "Daemon Thread 8"                   [_thread_blocked, id=22760, stack(0x000000b365000000,0x000000b365100000) (1024K)]
  0x0000021d84c730d0 JavaThread "Handler for socket connection from /127.0.0.1:54516 to /127.0.0.1:58172"        [_thread_in_native, id=20340, stack(0x000000b366300000,0x000000b366400000) (1024K)]
  0x0000021d84c73760 JavaThread "Cancel handler"                    [_thread_blocked, id=7376, stack(0x000000b367200000,0x000000b367300000) (1024K)]
  0x0000021d84c74480 JavaThread "Daemon worker Thread 7"            [_thread_blocked, id=20720, stack(0x000000b367300000,0x000000b367400000) (1024K)]
  0x0000021dff4e3ce0 JavaThread "Asynchronous log dispatcher for DefaultDaemonConnection: socket connection from /127.0.0.1:54516 to /127.0.0.1:58172"        [_thread_blocked, id=5168, stack(0x000000b367400000,0x000000b367500000) (1024K)]
  0x0000021dff4e22a0 JavaThread "Stdin handler"                     [_thread_blocked, id=13300, stack(0x000000b367500000,0x000000b367600000) (1024K)]
  0x0000021dff4e2fc0 JavaThread "Daemon client event forwarder"        [_thread_blocked, id=21844, stack(0x000000b367600000,0x000000b367700000) (1024K)]
  0x0000021dff4e4370 JavaThread "Cache worker for file hash cache (C:\Users\Pandora\OneDrive\Desktop\FinGoal\.gradle\8.13\fileHashes)"        [_thread_blocked, id=16188, stack(0x000000b367700000,0x000000b367800000) (1024K)]
  0x0000021dff4e4a00 JavaThread "Cache worker for checksums cache (C:\Users\Pandora\OneDrive\Desktop\FinGoal\.gradle\8.13\checksums)"        [_thread_blocked, id=18416, stack(0x000000b367b00000,0x000000b367c00000) (1024K)]
  0x0000021dff4e5090 JavaThread "Cache worker for Build Output Cleanup Cache (C:\Users\Pandora\OneDrive\Desktop\FinGoal\.gradle\buildOutputCleanup)"        [_thread_blocked, id=17748, stack(0x000000b367f00000,0x000000b368000000) (1024K)]
  0x0000021d8678d9d0 JavaThread "Cache worker for cache directory md-supplier (C:\Users\Pandora\.gradle\caches\8.13\md-supplier)"        [_thread_blocked, id=10480, stack(0x000000b368a00000,0x000000b368b00000) (1024K)]
  0x0000021d8678bf90 JavaThread "Cache worker for cache directory md-rule (C:\Users\Pandora\.gradle\caches\8.13\md-rule)"        [_thread_blocked, id=14556, stack(0x000000b368b00000,0x000000b368c00000) (1024K)]
  0x0000021d8678a550 JavaThread "Unconstrained build operations"        [_thread_blocked, id=12928, stack(0x000000b368c00000,0x000000b368d00000) (1024K)]
  0x0000021d8678b270 JavaThread "Unconstrained build operations Thread 2"        [_thread_blocked, id=14896, stack(0x000000b368d00000,0x000000b368e00000) (1024K)]
  0x0000021d8678ccb0 JavaThread "Unconstrained build operations Thread 3"        [_thread_blocked, id=14052, stack(0x000000b368e00000,0x000000b368f00000) (1024K)]
  0x0000021e0460c090 JavaThread "Unconstrained build operations Thread 4"        [_thread_blocked, id=15676, stack(0x000000b368f00000,0x000000b369000000) (1024K)]
  0x0000021e0460a650 JavaThread "Unconstrained build operations Thread 5"        [_thread_blocked, id=19692, stack(0x000000b369100000,0x000000b369200000) (1024K)]
  0x0000021e0460b370 JavaThread "Unconstrained build operations Thread 6"        [_thread_blocked, id=22300, stack(0x000000b369400000,0x000000b369500000) (1024K)]
  0x0000021e0460ba00 JavaThread "Unconstrained build operations Thread 7"        [_thread_blocked, id=21432, stack(0x000000b369500000,0x000000b369600000) (1024K)]
  0x0000021e0460ace0 JavaThread "Unconstrained build operations Thread 8"        [_thread_blocked, id=8908, stack(0x000000b369700000,0x000000b369800000) (1024K)]
  0x0000021d8840be10 JavaThread "Configuration cache report writer"        [_thread_blocked, id=16888, stack(0x000000b369800000,0x000000b369900000) (1024K)]
  0x0000021d8840c4a0 JavaThread "Unconstrained build operations Thread 9"        [_thread_blocked, id=11284, stack(0x000000b369c00000,0x000000b369d00000) (1024K)]
  0x0000021d8840b780 JavaThread "Unconstrained build operations Thread 10"        [_thread_blocked, id=20980, stack(0x000000b369d00000,0x000000b369e00000) (1024K)]
  0x0000021d8840b0f0 JavaThread "Unconstrained build operations Thread 11"        [_thread_blocked, id=3588, stack(0x000000b369e00000,0x000000b369f00000) (1024K)]
  0x0000021d8840cb30 JavaThread "Unconstrained build operations Thread 12"        [_thread_blocked, id=4304, stack(0x000000b36a100000,0x000000b36a200000) (1024K)]
  0x0000021d8840a3d0 JavaThread "Unconstrained build operations Thread 13"        [_thread_blocked, id=18180, stack(0x000000b36a200000,0x000000b36a300000) (1024K)]
  0x0000021d8840d1c0 JavaThread "Unconstrained build operations Thread 14"        [_thread_blocked, id=2508, stack(0x000000b36a300000,0x000000b36a400000) (1024K)]
  0x0000021e05f34da0 JavaThread "Unconstrained build operations Thread 15"        [_thread_blocked, id=10888, stack(0x000000b36a500000,0x000000b36a600000) (1024K)]
  0x0000021e05f32640 JavaThread "Unconstrained build operations Thread 16"        [_thread_blocked, id=408, stack(0x000000b36a600000,0x000000b36a700000) (1024K)]
  0x0000021e05f36150 JavaThread "Unconstrained build operations Thread 17"        [_thread_blocked, id=2252, stack(0x000000b36a700000,0x000000b36a800000) (1024K)]
  0x0000021d8840dee0 JavaThread "Unconstrained build operations Thread 18"        [_thread_blocked, id=12484, stack(0x000000b36a800000,0x000000b36a900000) (1024K)]
  0x0000021d8840aa60 JavaThread "Unconstrained build operations Thread 19"        [_thread_blocked, id=20212, stack(0x000000b36a900000,0x000000b36aa00000) (1024K)]
  0x0000021d8840ec00 JavaThread "Unconstrained build operations Thread 20"        [_thread_blocked, id=2012, stack(0x000000b36aa00000,0x000000b36ab00000) (1024K)]
  0x0000021d8840e570 JavaThread "Unconstrained build operations Thread 21"        [_thread_blocked, id=4148, stack(0x000000b36ac00000,0x000000b36ad00000) (1024K)]
  0x0000021d88410640 JavaThread "Unconstrained build operations Thread 22"        [_thread_blocked, id=17332, stack(0x000000b36ad00000,0x000000b36ae00000) (1024K)]
  0x0000021d8840f920 JavaThread "Unconstrained build operations Thread 23"        [_thread_blocked, id=19388, stack(0x000000b36ae00000,0x000000b36af00000) (1024K)]
  0x0000021d8840ffb0 JavaThread "Unconstrained build operations Thread 24"        [_thread_blocked, id=16172, stack(0x000000b36af00000,0x000000b36b000000) (1024K)]
  0x0000021d88410cd0 JavaThread "Unconstrained build operations Thread 25"        [_thread_blocked, id=4840, stack(0x000000b36b000000,0x000000b36b100000) (1024K)]
  0x0000021d88411360 JavaThread "Unconstrained build operations Thread 26"        [_thread_blocked, id=21224, stack(0x000000b36b300000,0x000000b36b400000) (1024K)]
  0x0000021e0460d440 JavaThread "Unconstrained build operations Thread 27"        [_thread_blocked, id=8320, stack(0x000000b36b500000,0x000000b36b600000) (1024K)]
  0x0000021e0460c720 JavaThread "Unconstrained build operations Thread 28"        [_thread_blocked, id=4776, stack(0x000000b36b700000,0x000000b36b800000) (1024K)]
  0x0000021e0460cdb0 JavaThread "Unconstrained build operations Thread 29"        [_thread_blocked, id=5404, stack(0x000000b36b800000,0x000000b36b900000) (1024K)]
  0x0000021dfd561510 JavaThread "Unconstrained build operations Thread 30"        [_thread_blocked, id=19660, stack(0x000000b36b900000,0x000000b36ba00000) (1024K)]
  0x0000021dfd562230 JavaThread "build event listener"              [_thread_blocked, id=1576, stack(0x000000b36bb00000,0x000000b36bc00000) (1024K)]
  0x0000021dfd561ba0 JavaThread "build event listener"              [_thread_blocked, id=1624, stack(0x000000b36bc00000,0x000000b36bd00000) (1024K)]
  0x0000021d88113410 JavaThread "pool-34-thread-1"                  [_thread_blocked, id=20576, stack(0x000000b36be00000,0x000000b36bf00000) (1024K)]
  0x0000021d88113aa0 JavaThread "build event listener"              [_thread_blocked, id=1244, stack(0x000000b36bf00000,0x000000b36c000000) (1024K)]
  0x0000021d88114130 JavaThread "Build operations"                  [_thread_blocked, id=1380, stack(0x000000b36c000000,0x000000b36c100000) (1024K)]
  0x0000021d881126f0 JavaThread "Unconstrained build operations Thread 31"        [_thread_blocked, id=4920, stack(0x000000b36bd00000,0x000000b36be00000) (1024K)]
  0x0000021d88112060 JavaThread "Unconstrained build operations Thread 32"        [_thread_blocked, id=20024, stack(0x000000b36c100000,0x000000b36c200000) (1024K)]
  0x0000021d881147c0 JavaThread "Unconstrained build operations Thread 33"        [_thread_blocked, id=9164, stack(0x000000b36c200000,0x000000b36c300000) (1024K)]
  0x0000021d88114e50 JavaThread "Unconstrained build operations Thread 34"        [_thread_blocked, id=20840, stack(0x000000b36c300000,0x000000b36c400000) (1024K)]
  0x0000021d84c7be10 JavaThread "Unconstrained build operations Thread 35"        [_thread_blocked, id=20536, stack(0x000000b36c400000,0x000000b36c500000) (1024K)]
  0x0000021d84c7dee0 JavaThread "Unconstrained build operations Thread 36"        [_thread_blocked, id=11168, stack(0x000000b36c500000,0x000000b36c600000) (1024K)]
  0x0000021d84c7b0f0 JavaThread "Unconstrained build operations Thread 37"        [_thread_blocked, id=15172, stack(0x000000b36c600000,0x000000b36c700000) (1024K)]
  0x0000021d84c7c4a0 JavaThread "Unconstrained build operations Thread 38"        [_thread_blocked, id=17040, stack(0x000000b36c700000,0x000000b36c800000) (1024K)]
  0x0000021d84c7d1c0 JavaThread "Unconstrained build operations Thread 39"        [_thread_blocked, id=20196, stack(0x000000b36c800000,0x000000b36c900000) (1024K)]
  0x0000021d84c7d850 JavaThread "Unconstrained build operations Thread 40"        [_thread_blocked, id=20408, stack(0x000000b36c900000,0x000000b36ca00000) (1024K)]
  0x0000021d84c7aa60 JavaThread "Unconstrained build operations Thread 41"        [_thread_blocked, id=7248, stack(0x000000b36ca00000,0x000000b36cb00000) (1024K)]
  0x0000021dffc623b0 JavaThread "Unconstrained build operations Thread 42"        [_thread_blocked, id=10168, stack(0x000000b36cb00000,0x000000b36cc00000) (1024K)]
  0x0000021dffc62a40 JavaThread "Unconstrained build operations Thread 43"        [_thread_blocked, id=21488, stack(0x000000b36cc00000,0x000000b36cd00000) (1024K)]
  0x0000021e05486c10 JavaThread "Exec process"                      [_thread_blocked, id=13592, stack(0x000000b36cd00000,0x000000b36ce00000) (1024K)]
  0x0000021d8b96f6c0 JavaThread "Exec process Thread 2"             [_thread_blocked, id=19400, stack(0x000000b36ce00000,0x000000b36cf00000) (1024K)]
  0x0000021d8b971100 JavaThread "Exec process Thread 3"             [_thread_blocked, id=12368, stack(0x000000b36cf00000,0x000000b36d000000) (1024K)]
  0x0000021dfe27ecb0 JavaThread "Unconstrained build operations Thread 44"        [_thread_blocked, id=23004, stack(0x000000b369000000,0x000000b369100000) (1024K)]
  0x0000021dfe2806f0 JavaThread "Unconstrained build operations Thread 45"        [_thread_blocked, id=19556, stack(0x000000b36d000000,0x000000b36d100000) (1024K)]
  0x0000021d85c60060 JavaThread "Unconstrained build operations Thread 46"        [_thread_blocked, id=20256, stack(0x000000b36d200000,0x000000b36d300000) (1024K)]
  0x0000021dfe91cc30 JavaThread "Unconstrained build operations Thread 47"        [_thread_blocked, id=3928, stack(0x000000b36d300000,0x000000b36d400000) (1024K)]
  0x0000021dfe91ed00 JavaThread "Unconstrained build operations Thread 48"        [_thread_blocked, id=21020, stack(0x000000b36d400000,0x000000b36d500000) (1024K)]
  0x0000021dfe91dfe0 JavaThread "Unconstrained build operations Thread 49"        [_thread_blocked, id=6084, stack(0x000000b36d500000,0x000000b36d600000) (1024K)]
  0x0000021dfe923bc0 JavaThread "Unconstrained build operations Thread 50"        [_thread_blocked, id=9496, stack(0x000000b36d600000,0x000000b36d700000) (1024K)]
  0x0000021dfe922180 JavaThread "Unconstrained build operations Thread 51"        [_thread_blocked, id=5608, stack(0x000000b36d700000,0x000000b36d800000) (1024K)]
  0x0000021dfe922ea0 JavaThread "Unconstrained build operations Thread 52"        [_thread_blocked, id=5416, stack(0x000000b36d800000,0x000000b36d900000) (1024K)]
  0x0000021dfe924250 JavaThread "Unconstrained build operations Thread 53"        [_thread_blocked, id=17304, stack(0x000000b36d900000,0x000000b36da00000) (1024K)]
  0x0000021dfe922810 JavaThread "Unconstrained build operations Thread 54"        [_thread_blocked, id=2972, stack(0x000000b36da00000,0x000000b36db00000) (1024K)]
  0x0000021dfe923530 JavaThread "Unconstrained build operations Thread 55"        [_thread_blocked, id=10676, stack(0x000000b36db00000,0x000000b36dc00000) (1024K)]
  0x0000021dff3063e0 JavaThread "Unconstrained build operations Thread 56"        [_thread_blocked, id=6580, stack(0x000000b36dc00000,0x000000b36dd00000) (1024K)]
  0x0000021dfd54b740 JavaThread "Unconstrained build operations Thread 57"        [_thread_blocked, id=17632, stack(0x000000b36dd00000,0x000000b36de00000) (1024K)]
  0x0000021dfd54aa20 JavaThread "Build operations Thread 2"         [_thread_blocked, id=5736, stack(0x000000b36df00000,0x000000b36e000000) (1024K)]
  0x0000021dfd54a390 JavaThread "Build operations Thread 3"         [_thread_blocked, id=8724, stack(0x000000b36e000000,0x000000b36e100000) (1024K)]
  0x0000021dfd548fe0 JavaThread "Build operations Thread 4"         [_thread_blocked, id=23032, stack(0x000000b36e100000,0x000000b36e200000) (1024K)]
  0x0000021dfd54b0b0 JavaThread "included builds"                   [_thread_blocked, id=16112, stack(0x000000b36e200000,0x000000b36e300000) (1024K)]
  0x0000021dfe27d270 JavaThread "Execution worker"                  [_thread_blocked, id=23360, stack(0x000000b36e300000,0x000000b36e400000) (1024K)]
  0x0000021dfe280d80 JavaThread "Execution worker Thread 2"         [_thread_blocked, id=6536, stack(0x000000b36e400000,0x000000b36e500000) (1024K)]
  0x0000021d8678c620 JavaThread "Cache worker for execution history cache (C:\Users\Pandora\OneDrive\Desktop\FinGoal\.gradle\8.13\executionHistory)"        [_thread_blocked, id=19276, stack(0x000000b36e500000,0x000000b36e600000) (1024K)]
  0x0000021dfe27d900 JavaThread "Execution worker Thread 3"         [_thread_blocked, id=19048, stack(0x000000b36e600000,0x000000b36e700000) (1024K)]
  0x0000021dff307100 JavaThread "Execution worker Thread 4"         [_thread_blocked, id=12408, stack(0x000000b36e700000,0x000000b36e800000) (1024K)]
  0x0000021d8678abe0 JavaThread "Execution worker Thread 5"         [_thread_blocked, id=19476, stack(0x000000b36e800000,0x000000b36e900000) (1024K)]
  0x0000021d8678b900 JavaThread "Execution worker Thread 6"         [_thread_blocked, id=19344, stack(0x000000b36e900000,0x000000b36ea00000) (1024K)]
  0x0000021d855ab140 JavaThread "Execution worker Thread 7"         [_thread_blocked, id=17852, stack(0x000000b36ea00000,0x000000b36eb00000) (1024K)]
  0x0000021d89cc0e20 JavaThread "Execution worker Thread 8"         [_thread_blocked, id=8272, stack(0x000000b36eb00000,0x000000b36ec00000) (1024K)]
  0x0000021dfe283b70 JavaThread "Execution worker Thread 9"         [_thread_blocked, id=16132, stack(0x000000b36ec00000,0x000000b36ed00000) (1024K)]
  0x0000021dfd54c460 JavaThread "Execution worker Thread 10"        [_thread_blocked, id=22200, stack(0x000000b36ed00000,0x000000b36ee00000) (1024K)]
  0x0000021dfe284200 JavaThread "Execution worker Thread 11"        [_thread_blocked, id=4584, stack(0x000000b36ee00000,0x000000b36ef00000) (1024K)]
  0x0000021d8b9724b0 JavaThread "WorkerExecutor Queue Thread 2"        [_thread_blocked, id=9168, stack(0x000000b36f000000,0x000000b36f100000) (1024K)]
  0x0000021d89cc14b0 JavaThread "Unconstrained build operations Thread 58"        [_thread_blocked, id=14532, stack(0x000000b36f100000,0x000000b36f200000) (1024K)]
  0x0000021d89cbe030 JavaThread "Unconstrained build operations Thread 59"        [_thread_blocked, id=5636, stack(0x000000b36f200000,0x000000b36f300000) (1024K)]
  0x0000021d89cbfa70 JavaThread "Unconstrained build operations Thread 60"        [_thread_blocked, id=10812, stack(0x000000b36f300000,0x000000b36f400000) (1024K)]
  0x0000021dff307790 JavaThread "Unconstrained build operations Thread 61"        [_thread_blocked, id=16412, stack(0x000000b36f400000,0x000000b36f500000) (1024K)]
  0x0000021d89cbed50 JavaThread "Unconstrained build operations Thread 62"        [_thread_blocked, id=12456, stack(0x000000b36f500000,0x000000b36f600000) (1024K)]
  0x0000021dff307e20 JavaThread "Unconstrained build operations Thread 63"        [_thread_blocked, id=19324, stack(0x000000b36f600000,0x000000b36f700000) (1024K)]
  0x0000021e05f35430 JavaThread "Unconstrained build operations Thread 64"        [_thread_blocked, id=15176, stack(0x000000b36f700000,0x000000b36f800000) (1024K)]
  0x0000021d89cbf3e0 JavaThread "Unconstrained build operations Thread 65"        [_thread_blocked, id=4224, stack(0x000000b36f800000,0x000000b36f900000) (1024K)]
  0x0000021dff305030 JavaThread "Unconstrained build operations Thread 66"        [_thread_blocked, id=23408, stack(0x000000b36f900000,0x000000b36fa00000) (1024K)]
  0x0000021dff3056c0 JavaThread "Unconstrained build operations Thread 67"        [_thread_blocked, id=5752, stack(0x000000b36fa00000,0x000000b36fb00000) (1024K)]
  0x0000021e05f33360 JavaThread "Unconstrained build operations Thread 68"        [_thread_blocked, id=21964, stack(0x000000b36fb00000,0x000000b36fc00000) (1024K)]
  0x0000021e05f35ac0 JavaThread "Unconstrained build operations Thread 69"        [_thread_blocked, id=20444, stack(0x000000b36fd00000,0x000000b36fe00000) (1024K)]
  0x0000021df9406b50 JavaThread "Unconstrained build operations Thread 70"        [_thread_blocked, id=792, stack(0x000000b36ff00000,0x000000b370000000) (1024K)]
  0x0000021dfd54d180 JavaThread "Unconstrained build operations Thread 71"        [_thread_blocked, id=20296, stack(0x000000b370300000,0x000000b370400000) (1024K)]
  0x0000021d89cc0100 JavaThread "Unconstrained build operations Thread 72"        [_thread_blocked, id=5228, stack(0x000000b370400000,0x000000b370500000) (1024K)]
  0x0000021e054872a0 JavaThread "WorkerExecutor Queue Thread 4"        [_thread_blocked, id=14348, stack(0x000000b370500000,0x000000b370600000) (1024K)]
  0x0000021d89cbe6c0 JavaThread "Unconstrained build operations Thread 73"        [_thread_blocked, id=18640, stack(0x000000b370600000,0x000000b370700000) (1024K)]
  0x0000021d855a9d90 JavaThread "WorkerExecutor Queue Thread 5"        [_thread_blocked, id=18928, stack(0x000000b370700000,0x000000b370800000) (1024K)]
  0x0000021d890cf410 JavaThread "Unconstrained build operations Thread 74"        [_thread_blocked, id=12220, stack(0x000000b370800000,0x000000b370900000) (1024K)]
  0x0000021dfe282e50 JavaThread "WorkerExecutor Queue Thread 6"        [_thread_blocked, id=19356, stack(0x000000b370900000,0x000000b370a00000) (1024K)]
  0x0000021df9409940 JavaThread "Unconstrained build operations Thread 75"        [_thread_blocked, id=5944, stack(0x000000b370a00000,0x000000b370b00000) (1024K)]
  0x0000021d890d14e0 JavaThread "Unconstrained build operations Thread 76"        [_thread_blocked, id=23040, stack(0x000000b370b00000,0x000000b370c00000) (1024K)]
  0x0000021d84c75ec0 JavaThread "WorkerExecutor Queue Thread 7"        [_thread_blocked, id=10264, stack(0x000000b370c00000,0x000000b370d00000) (1024K)]
  0x0000021df9409fd0 JavaThread "Unconstrained build operations Thread 77"        [_thread_blocked, id=14724, stack(0x000000b370d00000,0x000000b370e00000) (1024K)]
  0x0000021dfd5628c0 JavaThread "Unconstrained build operations Thread 78"        [_thread_blocked, id=15108, stack(0x000000b370e00000,0x000000b370f00000) (1024K)]
  0x0000021d8b96f030 JavaThread "WorkerExecutor Queue Thread 8"        [_thread_blocked, id=13948, stack(0x000000b370f00000,0x000000b371000000) (1024K)]
  0x0000021dfd54e530 JavaThread "Unconstrained build operations Thread 79"        [_thread_blocked, id=22420, stack(0x000000b371000000,0x000000b371100000) (1024K)]
  0x0000021d855aa420 JavaThread "Unconstrained build operations Thread 80"        [_thread_blocked, id=19180, stack(0x000000b371100000,0x000000b371200000) (1024K)]
  0x0000021d855aaab0 JavaThread "Unconstrained build operations Thread 82"        [_thread_blocked, id=16484, stack(0x000000b371200000,0x000000b371300000) (1024K)]
  0x0000021d8b96fd50 JavaThread "Unconstrained build operations Thread 81"        [_thread_blocked, id=11796, stack(0x000000b371300000,0x000000b371400000) (1024K)]
  0x0000021d855ab7d0 JavaThread "Unconstrained build operations Thread 83"        [_thread_blocked, id=17324, stack(0x000000b371400000,0x000000b371500000) (1024K)]
  0x0000021d8b971e20 JavaThread "Unconstrained build operations Thread 84"        [_thread_blocked, id=16904, stack(0x000000b371500000,0x000000b371600000) (1024K)]
  0x0000021d855abe60 JavaThread "Unconstrained build operations Thread 85"        [_thread_blocked, id=13732, stack(0x000000b371600000,0x000000b371700000) (1024K)]
  0x0000021dfcfa3370 JavaThread "Unconstrained build operations Thread 86"        [_thread_blocked, id=10692, stack(0x000000b371700000,0x000000b371800000) (1024K)]
  0x0000021d855a9070 JavaThread "Unconstrained build operations Thread 87"        [_thread_blocked, id=19352, stack(0x000000b371800000,0x000000b371900000) (1024K)]
  0x0000021dfe368f20 JavaThread "Unconstrained build operations Thread 88"        [_thread_blocked, id=22676, stack(0x000000b371900000,0x000000b371a00000) (1024K)]
  0x0000021dfe36a960 JavaThread "Unconstrained build operations Thread 89"        [_thread_blocked, id=17548, stack(0x000000b371a00000,0x000000b371b00000) (1024K)]
  0x0000021dfe36b680 JavaThread "Unconstrained build operations Thread 90"        [_thread_blocked, id=9176, stack(0x000000b371b00000,0x000000b371c00000) (1024K)]
  0x0000021dfe3695b0 JavaThread "Unconstrained build operations Thread 91"        [_thread_blocked, id=19536, stack(0x000000b371c00000,0x000000b371d00000) (1024K)]
  0x0000021dffc63760 JavaThread "WorkerExecutor Queue Thread 9"        [_thread_blocked, id=22788, stack(0x000000b371d00000,0x000000b371e00000) (1024K)]
  0x0000021dfd562f50 JavaThread "WorkerExecutor Queue Thread 10"        [_thread_blocked, id=18952, stack(0x000000b371e00000,0x000000b371f00000) (1024K)]
  0x0000021e054851d0 JavaThread "WorkerExecutor Queue Thread 11"        [_thread_blocked, id=21300, stack(0x000000b371f00000,0x000000b372000000) (1024K)]
  0x0000021d84c74b10 JavaThread "WorkerExecutor Queue Thread 12"        [_thread_blocked, id=21604, stack(0x000000b372000000,0x000000b372100000) (1024K)]
  0x0000021d84c751a0 JavaThread "Unconstrained build operations Thread 92"        [_thread_blocked, id=15508, stack(0x000000b372100000,0x000000b372200000) (1024K)]
  0x0000021dfd98e130 JavaThread "Unconstrained build operations Thread 93"        [_thread_blocked, id=12380, stack(0x000000b372200000,0x000000b372300000) (1024K)]
  0x0000021dfd98daa0 JavaThread "Unconstrained build operations Thread 94"        [_thread_blocked, id=6576, stack(0x000000b372300000,0x000000b372400000) (1024K)]
  0x0000021dfd98ee50 JavaThread "Unconstrained build operations Thread 95"        [_thread_blocked, id=10940, stack(0x000000b372400000,0x000000b372500000) (1024K)]
  0x0000021dfd98c060 JavaThread "Unconstrained build operations Thread 96"        [_thread_blocked, id=17444, stack(0x000000b372500000,0x000000b372600000) (1024K)]
  0x0000021d8889bb30 JavaThread "Unconstrained build operations Thread 97"        [_thread_blocked, id=7804, stack(0x000000b372600000,0x000000b372700000) (1024K)]
  0x0000021d8889c850 JavaThread "Unconstrained build operations Thread 98"        [_thread_blocked, id=15292, stack(0x000000b372700000,0x000000b372800000) (1024K)]
  0x0000021d8889c1c0 JavaThread "Unconstrained build operations Thread 99"        [_thread_blocked, id=3040, stack(0x000000b372800000,0x000000b372900000) (1024K)]
  0x0000021d8889b4a0 JavaThread "Unconstrained build operations Thread 100"        [_thread_blocked, id=20744, stack(0x000000b372900000,0x000000b372a00000) (1024K)]
  0x0000021d87f23640 JavaThread "Unconstrained build operations Thread 101"        [_thread_blocked, id=19068, stack(0x000000b372a00000,0x000000b372b00000) (1024K)]
  0x0000021d87f24360 JavaThread "Unconstrained build operations Thread 102"        [_thread_blocked, id=5092, stack(0x000000b372b00000,0x000000b372c00000) (1024K)]
  0x0000021d8b970a70 JavaThread "WorkerExecutor Queue Thread 13"        [_thread_blocked, id=22924, stack(0x000000b372c00000,0x000000b372d00000) (1024K)]
  0x0000021d87662f90 JavaThread "Unconstrained build operations Thread 103"        [_thread_blocked, id=2164, stack(0x000000b372d00000,0x000000b372e00000) (1024K)]
  0x0000021d87661550 JavaThread "Unconstrained build operations Thread 104"        [_thread_blocked, id=2832, stack(0x000000b372e00000,0x000000b372f00000) (1024K)]
  0x0000021d87662900 JavaThread "Unconstrained build operations Thread 105"        [_thread_blocked, id=15096, stack(0x000000b372f00000,0x000000b373000000) (1024K)]
  0x0000021d87663cb0 JavaThread "Unconstrained build operations Thread 106"        [_thread_blocked, id=2600, stack(0x000000b373000000,0x000000b373100000) (1024K)]
  0x0000021d87661be0 JavaThread "Unconstrained build operations Thread 107"        [_thread_blocked, id=9868, stack(0x000000b373100000,0x000000b373200000) (1024K)]
  0x0000021d8505fe90 JavaThread "Unconstrained build operations Thread 108"        [_thread_blocked, id=16092, stack(0x000000b373200000,0x000000b373300000) (1024K)]
  0x0000021d8505e450 JavaThread "Unconstrained build operations Thread 109"        [_thread_blocked, id=12500, stack(0x000000b373300000,0x000000b373400000) (1024K)]
  0x0000021d85060bb0 JavaThread "Unconstrained build operations Thread 110"        [_thread_blocked, id=8996, stack(0x000000b373400000,0x000000b373500000) (1024K)]
  0x0000021d8505f170 JavaThread "Unconstrained build operations Thread 111"        [_thread_blocked, id=20848, stack(0x000000b373500000,0x000000b373600000) (1024K)]
  0x0000021d8ba53080 JavaThread "Unconstrained build operations Thread 112"        [_thread_blocked, id=6056, stack(0x000000b373600000,0x000000b373700000) (1024K)]
  0x0000021d8ba53710 JavaThread "Unconstrained build operations Thread 113"        [_thread_blocked, id=2592, stack(0x000000b373700000,0x000000b373800000) (1024K)]
  0x0000021d88bc5520 JavaThread "Unconstrained build operations Thread 114"        [_thread_blocked, id=5840, stack(0x000000b36b600000,0x000000b36b700000) (1024K)]
  0x0000021d88bc2730 JavaThread "Unconstrained build operations Thread 115"        [_thread_blocked, id=2632, stack(0x000000b36ef00000,0x000000b36f000000) (1024K)]
  0x0000021d88bc5bb0 JavaThread "Unconstrained build operations Thread 116"        [_thread_blocked, id=15648, stack(0x000000b373800000,0x000000b373900000) (1024K)]
  0x0000021d88bc4e90 JavaThread "Unconstrained build operations Thread 117"        [_thread_blocked, id=2388, stack(0x000000b373900000,0x000000b373a00000) (1024K)]
  0x0000021d88bc6240 JavaThread "Unconstrained build operations Thread 118"        [_thread_blocked, id=17320, stack(0x000000b373a00000,0x000000b373b00000) (1024K)]
  0x0000021d88bc2dc0 JavaThread "Unconstrained build operations Thread 119"        [_thread_blocked, id=14700, stack(0x000000b373b00000,0x000000b373c00000) (1024K)]
  0x0000021d88bc9d50 JavaThread "Unconstrained build operations Thread 120"        [_thread_blocked, id=13952, stack(0x000000b373c00000,0x000000b373d00000) (1024K)]
  0x0000021d850ac530 JavaThread "C2 CompilerThread1"         daemon [_thread_blocked, id=4116, stack(0x000000b365100000,0x000000b365200000) (1024K)]
  0x0000021d850b3fd0 JavaThread "C2 CompilerThread2"         daemon [_thread_blocked, id=8896, stack(0x000000b36d100000,0x000000b36d200000) (1024K)]
  0x0000021dfe280060 JavaThread "WorkerExecutor Queue Thread 14"        [_thread_blocked, id=20900, stack(0x000000b365200000,0x000000b365300000) (1024K)]
Total: 217

Other Threads:
=>0x0000021db054d1a0 VMThread "VM Thread"                           [id=8596, stack(0x000000b365a00000,0x000000b365b00000) (1024K)]
  0x0000021db053b680 WatcherThread "VM Periodic Task Thread"        [id=1940, stack(0x000000b365900000,0x000000b365a00000) (1024K)]
  0x0000021d8faea010 WorkerThread "GC Thread#0"                     [id=23188, stack(0x000000b365400000,0x000000b365500000) (1024K)]
  0x0000021df60c00c0 WorkerThread "GC Thread#1"                     [id=12212, stack(0x000000b366600000,0x000000b366700000) (1024K)]
  0x0000021df615cd40 WorkerThread "GC Thread#2"                     [id=13804, stack(0x000000b366700000,0x000000b366800000) (1024K)]
  0x0000021df615f100 WorkerThread "GC Thread#3"                     [id=8184, stack(0x000000b366800000,0x000000b366900000) (1024K)]
  0x0000021db099bad0 WorkerThread "GC Thread#4"                     [id=22732, stack(0x000000b366900000,0x000000b366a00000) (1024K)]
  0x0000021df77adcc0 WorkerThread "GC Thread#5"                     [id=12596, stack(0x000000b366b00000,0x000000b366c00000) (1024K)]
  0x0000021df7838a10 WorkerThread "GC Thread#6"                     [id=5916, stack(0x000000b366c00000,0x000000b366d00000) (1024K)]
  0x0000021df772fc50 WorkerThread "GC Thread#7"                     [id=832, stack(0x000000b366d00000,0x000000b366e00000) (1024K)]
  0x0000021df77303d0 WorkerThread "GC Thread#8"                     [id=10900, stack(0x000000b366e00000,0x000000b366f00000) (1024K)]
  0x0000021df7719fd0 WorkerThread "GC Thread#9"                     [id=5892, stack(0x000000b366f00000,0x000000b367000000) (1024K)]
  0x0000021d8d70df80 ConcurrentGCThread "G1 Main Marker"            [id=14576, stack(0x000000b365500000,0x000000b365600000) (1024K)]
  0x0000021d8faf9220 WorkerThread "G1 Conc#0"                       [id=16024, stack(0x000000b365600000,0x000000b365700000) (1024K)]
  0x0000021df7719870 WorkerThread "G1 Conc#1"                       [id=12980, stack(0x000000b367d00000,0x000000b367e00000) (1024K)]
  0x0000021df90d9510 WorkerThread "G1 Conc#2"                       [id=14888, stack(0x000000b367e00000,0x000000b367f00000) (1024K)]
  0x0000021db040c5b0 ConcurrentGCThread "G1 Refine#0"               [id=20708, stack(0x000000b365700000,0x000000b365800000) (1024K)]
  0x0000021db040cde0 ConcurrentGCThread "G1 Service"                [id=22580, stack(0x000000b365800000,0x000000b365900000) (1024K)]
Total: 18

Threads with active compile tasks:
C2 CompilerThread0  1951278 99225       4       com.android.tools.r8.internal.VS::a (972 bytes)
C2 CompilerThread1  1951278 99254       4       com.android.tools.r8.internal.Af::a (79 bytes)
C2 CompilerThread2  1951278 99080       4       com.android.tools.r8.internal.ee::a (4509 bytes)
Total: 3

VM state: at safepoint (normal execution)

VM Mutex/Monitor currently owned by a thread:  ([mutex/lock_event])
[0x00007ffb540e4e90] Threads_lock - owner thread: 0x0000021db054d1a0
[0x00007ffb540e4f90] Heap_lock - owner thread: 0x0000021dfd561510

Heap address: 0x0000000700000000, size: 4096 MB, Compressed Oops mode: Zero based, Oop shift amount: 3

CDS archive(s) mapped at: [0x0000021db1000000-0x0000021db1ce0000-0x0000021db1ce0000), size 13500416, SharedBaseAddress: 0x0000021db1000000, ArchiveRelocationMode: 1.
Compressed class space mapped at: 0x0000021db2000000-0x0000021df2000000, reserved size: 1073741824
Narrow klass base: 0x0000021db1000000, Narrow klass shift: 0, Narrow klass range: 0x100000000

GC Precious Log:
 CardTable entry size: 512
 Card Set container configuration: InlinePtr #cards 4 size 8 Array Of Cards #cards 16 size 48 Howl #buckets 8 coarsen threshold 3686 Howl Bitmap #cards 512 size 80 coarsen threshold 460 Card regions per heap region 1 cards per card region 4096
 CPUs: 12 total, 12 available
 Memory: 15741M
 Large Page Support: Disabled
 NUMA Support: Disabled
 Compressed Oops: Enabled (Zero based)
 Heap Region Size: 2M
 Heap Min Capacity: 8M
 Heap Initial Capacity: 246M
 Heap Max Capacity: 4G
 Pre-touch: Disabled
 Parallel Workers: 10
 Concurrent Workers: 3
 Concurrent Refinement Workers: 10
 Periodic GC: Disabled

Heap:
 garbage-first heap   total 2168832K, used 1055727K [0x0000000700000000, 0x0000000800000000)
  region size 2048K, 43 young (88064K), 43 survivors (88064K)
 Metaspace       used 416440K, committed 421376K, reserved 1441792K
  class space    used 51489K, committed 54080K, reserved 1048576K

Heap Regions: E=young(eden), S=young(survivor), O=old, HS=humongous(starts), HC=humongous(continues), CS=collection set, F=free, TAMS=top-at-mark-start, PB=parsable bottom
|   0|0x0000000700000000, 0x0000000700200000, 0x0000000700200000|100%|HS|  |TAMS 0x0000000700000000| PB 0x0000000700000000| Complete 
|   1|0x0000000700200000, 0x0000000700400000, 0x0000000700400000|100%|HC|  |TAMS 0x0000000700200000| PB 0x0000000700200000| Complete 
|   2|0x0000000700400000, 0x0000000700600000, 0x0000000700600000|100%| O|  |TAMS 0x0000000700400000| PB 0x0000000700400000| Untracked 
|   3|0x0000000700600000, 0x0000000700800000, 0x0000000700800000|100%| O|  |TAMS 0x0000000700600000| PB 0x0000000700600000| Untracked 
|   4|0x0000000700800000, 0x0000000700a00000, 0x0000000700a00000|100%| O|  |TAMS 0x0000000700800000| PB 0x0000000700800000| Untracked 
|   5|0x0000000700a00000, 0x0000000700c00000, 0x0000000700c00000|100%| O|  |TAMS 0x0000000700a00000| PB 0x0000000700a00000| Untracked 
|   6|0x0000000700c00000, 0x0000000700e00000, 0x0000000700e00000|100%| O|  |TAMS 0x0000000700c00000| PB 0x0000000700c00000| Untracked 
|   7|0x0000000700e00000, 0x0000000701000000, 0x0000000701000000|100%| O|  |TAMS 0x0000000700e00000| PB 0x0000000700e00000| Untracked 
|   8|0x0000000701000000, 0x0000000701200000, 0x0000000701200000|100%| O|  |TAMS 0x0000000701000000| PB 0x0000000701000000| Untracked 
|   9|0x0000000701200000, 0x0000000701400000, 0x0000000701400000|100%| O|  |TAMS 0x0000000701200000| PB 0x0000000701200000| Untracked 
|  10|0x0000000701400000, 0x0000000701600000, 0x0000000701600000|100%| O|  |TAMS 0x0000000701400000| PB 0x0000000701400000| Untracked 
|  11|0x0000000701600000, 0x0000000701800000, 0x0000000701800000|100%| O|  |TAMS 0x0000000701600000| PB 0x0000000701600000| Untracked 
|  12|0x0000000701800000, 0x0000000701a00000, 0x0000000701a00000|100%| O|  |TAMS 0x0000000701800000| PB 0x0000000701800000| Untracked 
|  13|0x0000000701a00000, 0x0000000701c00000, 0x0000000701c00000|100%| O|  |TAMS 0x0000000701a00000| PB 0x0000000701a00000| Untracked 
|  14|0x0000000701c00000, 0x0000000701e00000, 0x0000000701e00000|100%| O|  |TAMS 0x0000000701c00000| PB 0x0000000701c00000| Untracked 
|  15|0x0000000701e00000, 0x0000000702000000, 0x0000000702000000|100%| O|  |TAMS 0x0000000701e00000| PB 0x0000000701e00000| Untracked 
|  16|0x0000000702000000, 0x0000000702200000, 0x0000000702200000|100%| O|  |TAMS 0x0000000702000000| PB 0x0000000702000000| Untracked 
|  17|0x0000000702200000, 0x0000000702400000, 0x0000000702400000|100%| O|  |TAMS 0x0000000702200000| PB 0x0000000702200000| Untracked 
|  18|0x0000000702400000, 0x0000000702600000, 0x0000000702600000|100%| O|  |TAMS 0x0000000702400000| PB 0x0000000702400000| Untracked 
|  19|0x0000000702600000, 0x0000000702800000, 0x0000000702800000|100%| O|  |TAMS 0x0000000702600000| PB 0x0000000702600000| Untracked 
|  20|0x0000000702800000, 0x0000000702a00000, 0x0000000702a00000|100%| O|  |TAMS 0x0000000702800000| PB 0x0000000702800000| Untracked 
|  21|0x0000000702a00000, 0x0000000702c00000, 0x0000000702c00000|100%| O|  |TAMS 0x0000000702a00000| PB 0x0000000702a00000| Untracked 
|  22|0x0000000702c00000, 0x0000000702e00000, 0x0000000702e00000|100%| O|  |TAMS 0x0000000702c00000| PB 0x0000000702c00000| Untracked 
|  23|0x0000000702e00000, 0x0000000703000000, 0x0000000703000000|100%| O|  |TAMS 0x0000000702e00000| PB 0x0000000702e00000| Untracked 
|  24|0x0000000703000000, 0x0000000703200000, 0x0000000703200000|100%| O|  |TAMS 0x0000000703000000| PB 0x0000000703000000| Untracked 
|  25|0x0000000703200000, 0x0000000703400000, 0x0000000703400000|100%| O|  |TAMS 0x0000000703200000| PB 0x0000000703200000| Untracked 
|  26|0x0000000703400000, 0x0000000703600000, 0x0000000703600000|100%| O|  |TAMS 0x0000000703400000| PB 0x0000000703400000| Untracked 
|  27|0x0000000703600000, 0x0000000703800000, 0x0000000703800000|100%|HS|  |TAMS 0x0000000703600000| PB 0x0000000703600000| Complete 
|  28|0x0000000703800000, 0x0000000703a00000, 0x0000000703a00000|100%|HC|  |TAMS 0x0000000703800000| PB 0x0000000703800000| Complete 
|  29|0x0000000703a00000, 0x0000000703c00000, 0x0000000703c00000|100%| O|  |TAMS 0x0000000703a00000| PB 0x0000000703a00000| Untracked 
|  30|0x0000000703c00000, 0x0000000703e00000, 0x0000000703e00000|100%| O|  |TAMS 0x0000000703c00000| PB 0x0000000703c00000| Untracked 
|  31|0x0000000703e00000, 0x0000000704000000, 0x0000000704000000|100%|HS|  |TAMS 0x0000000703e00000| PB 0x0000000703e00000| Complete 
|  32|0x0000000704000000, 0x0000000704200000, 0x0000000704200000|100%|HC|  |TAMS 0x0000000704000000| PB 0x0000000704000000| Complete 
|  33|0x0000000704200000, 0x0000000704400000, 0x0000000704400000|100%| O|  |TAMS 0x0000000704200000| PB 0x0000000704200000| Untracked 
|  34|0x0000000704400000, 0x0000000704600000, 0x0000000704600000|100%| O|  |TAMS 0x0000000704400000| PB 0x0000000704400000| Untracked 
|  35|0x0000000704600000, 0x0000000704800000, 0x0000000704800000|100%| O|  |TAMS 0x0000000704600000| PB 0x0000000704600000| Untracked 
|  36|0x0000000704800000, 0x0000000704a00000, 0x0000000704a00000|100%| O|  |TAMS 0x0000000704800000| PB 0x0000000704800000| Untracked 
|  37|0x0000000704a00000, 0x0000000704c00000, 0x0000000704c00000|100%| O|  |TAMS 0x0000000704a00000| PB 0x0000000704a00000| Untracked 
|  38|0x0000000704c00000, 0x0000000704e00000, 0x0000000704e00000|100%| O|  |TAMS 0x0000000704c00000| PB 0x0000000704c00000| Untracked 
|  39|0x0000000704e00000, 0x0000000705000000, 0x0000000705000000|100%| O|  |TAMS 0x0000000704e00000| PB 0x0000000704e00000| Untracked 
|  40|0x0000000705000000, 0x0000000705200000, 0x0000000705200000|100%| O|  |TAMS 0x0000000705000000| PB 0x0000000705000000| Untracked 
|  41|0x0000000705200000, 0x0000000705400000, 0x0000000705400000|100%| O|  |TAMS 0x0000000705200000| PB 0x0000000705200000| Untracked 
|  42|0x0000000705400000, 0x0000000705600000, 0x0000000705600000|100%| O|  |TAMS 0x0000000705400000| PB 0x0000000705400000| Untracked 
|  43|0x0000000705600000, 0x0000000705800000, 0x0000000705800000|100%| O|  |TAMS 0x0000000705600000| PB 0x0000000705600000| Untracked 
|  44|0x0000000705800000, 0x0000000705a00000, 0x0000000705a00000|100%| O|  |TAMS 0x0000000705800000| PB 0x0000000705800000| Untracked 
|  45|0x0000000705a00000, 0x0000000705c00000, 0x0000000705c00000|100%| O|  |TAMS 0x0000000705a00000| PB 0x0000000705a00000| Untracked 
|  46|0x0000000705c00000, 0x0000000705e00000, 0x0000000705e00000|100%| O|  |TAMS 0x0000000705c00000| PB 0x0000000705c00000| Untracked 
|  47|0x0000000705e00000, 0x0000000706000000, 0x0000000706000000|100%| O|  |TAMS 0x0000000705e00000| PB 0x0000000705e00000| Untracked 
|  48|0x0000000706000000, 0x0000000706200000, 0x0000000706200000|100%| O|  |TAMS 0x0000000706000000| PB 0x0000000706000000| Untracked 
|  49|0x0000000706200000, 0x0000000706400000, 0x0000000706400000|100%| O|  |TAMS 0x0000000706200000| PB 0x0000000706200000| Untracked 
|  50|0x0000000706400000, 0x0000000706600000, 0x0000000706600000|100%| O|  |TAMS 0x0000000706400000| PB 0x0000000706400000| Untracked 
|  51|0x0000000706600000, 0x0000000706800000, 0x0000000706800000|100%| O|  |TAMS 0x0000000706600000| PB 0x0000000706600000| Untracked 
|  52|0x0000000706800000, 0x0000000706a00000, 0x0000000706a00000|100%| O|  |TAMS 0x0000000706800000| PB 0x0000000706800000| Untracked 
|  53|0x0000000706a00000, 0x0000000706c00000, 0x0000000706c00000|100%| O|  |TAMS 0x0000000706a00000| PB 0x0000000706a00000| Untracked 
|  54|0x0000000706c00000, 0x0000000706e00000, 0x0000000706e00000|100%| O|  |TAMS 0x0000000706c00000| PB 0x0000000706c00000| Untracked 
|  55|0x0000000706e00000, 0x0000000707000000, 0x0000000707000000|100%| O|  |TAMS 0x0000000706e00000| PB 0x0000000706e00000| Untracked 
|  56|0x0000000707000000, 0x0000000707200000, 0x0000000707200000|100%| O|  |TAMS 0x0000000707000000| PB 0x0000000707000000| Untracked 
|  57|0x0000000707200000, 0x0000000707400000, 0x0000000707400000|100%| O|  |TAMS 0x0000000707200000| PB 0x0000000707200000| Untracked 
|  58|0x0000000707400000, 0x0000000707600000, 0x0000000707600000|100%| O|  |TAMS 0x0000000707400000| PB 0x0000000707400000| Untracked 
|  59|0x0000000707600000, 0x0000000707800000, 0x0000000707800000|100%| O|  |TAMS 0x0000000707600000| PB 0x0000000707600000| Untracked 
|  60|0x0000000707800000, 0x0000000707a00000, 0x0000000707a00000|100%| O|  |TAMS 0x0000000707800000| PB 0x0000000707800000| Untracked 
|  61|0x0000000707a00000, 0x0000000707c00000, 0x0000000707c00000|100%| O|  |TAMS 0x0000000707a00000| PB 0x0000000707a00000| Untracked 
|  62|0x0000000707c00000, 0x0000000707e00000, 0x0000000707e00000|100%| O|  |TAMS 0x0000000707c00000| PB 0x0000000707c00000| Untracked 
|  63|0x0000000707e00000, 0x0000000708000000, 0x0000000708000000|100%| O|  |TAMS 0x0000000707e00000| PB 0x0000000707e00000| Untracked 
|  64|0x0000000708000000, 0x0000000708200000, 0x0000000708200000|100%|HS|  |TAMS 0x0000000708000000| PB 0x0000000708000000| Complete 
|  65|0x0000000708200000, 0x0000000708400000, 0x0000000708400000|100%|HS|  |TAMS 0x0000000708200000| PB 0x0000000708200000| Complete 
|  66|0x0000000708400000, 0x0000000708600000, 0x0000000708600000|100%|HC|  |TAMS 0x0000000708400000| PB 0x0000000708400000| Complete 
|  67|0x0000000708600000, 0x0000000708800000, 0x0000000708800000|100%| O|  |TAMS 0x0000000708600000| PB 0x0000000708600000| Untracked 
|  68|0x0000000708800000, 0x0000000708a00000, 0x0000000708a00000|100%| O|  |TAMS 0x0000000708800000| PB 0x0000000708800000| Untracked 
|  69|0x0000000708a00000, 0x0000000708c00000, 0x0000000708c00000|100%| O|  |TAMS 0x0000000708a00000| PB 0x0000000708a00000| Untracked 
|  70|0x0000000708c00000, 0x0000000708e00000, 0x0000000708e00000|100%| O|  |TAMS 0x0000000708c00000| PB 0x0000000708c00000| Untracked 
|  71|0x0000000708e00000, 0x0000000709000000, 0x0000000709000000|100%| O|  |TAMS 0x0000000708e00000| PB 0x0000000708e00000| Untracked 
|  72|0x0000000709000000, 0x0000000709200000, 0x0000000709200000|100%| O|  |TAMS 0x0000000709000000| PB 0x0000000709000000| Untracked 
|  73|0x0000000709200000, 0x0000000709400000, 0x0000000709400000|100%| O|  |TAMS 0x0000000709200000| PB 0x0000000709200000| Untracked 
|  74|0x0000000709400000, 0x0000000709600000, 0x0000000709600000|100%| O|  |TAMS 0x0000000709400000| PB 0x0000000709400000| Untracked 
|  75|0x0000000709600000, 0x0000000709800000, 0x0000000709800000|100%| O|  |TAMS 0x0000000709600000| PB 0x0000000709600000| Untracked 
|  76|0x0000000709800000, 0x0000000709a00000, 0x0000000709a00000|100%| O|  |TAMS 0x0000000709800000| PB 0x0000000709800000| Untracked 
|  77|0x0000000709a00000, 0x0000000709c00000, 0x0000000709c00000|100%| O|  |TAMS 0x0000000709a00000| PB 0x0000000709a00000| Untracked 
|  78|0x0000000709c00000, 0x0000000709e00000, 0x0000000709e00000|100%| O|  |TAMS 0x0000000709c00000| PB 0x0000000709c00000| Untracked 
|  79|0x0000000709e00000, 0x000000070a000000, 0x000000070a000000|100%| O|  |TAMS 0x0000000709e00000| PB 0x0000000709e00000| Untracked 
|  80|0x000000070a000000, 0x000000070a200000, 0x000000070a200000|100%| O|  |TAMS 0x000000070a000000| PB 0x000000070a000000| Untracked 
|  81|0x000000070a200000, 0x000000070a400000, 0x000000070a400000|100%| O|  |TAMS 0x000000070a200000| PB 0x000000070a200000| Untracked 
|  82|0x000000070a400000, 0x000000070a600000, 0x000000070a600000|100%| O|  |TAMS 0x000000070a400000| PB 0x000000070a400000| Untracked 
|  83|0x000000070a600000, 0x000000070a800000, 0x000000070a800000|100%| O|  |TAMS 0x000000070a600000| PB 0x000000070a600000| Untracked 
|  84|0x000000070a800000, 0x000000070aa00000, 0x000000070aa00000|100%| O|  |TAMS 0x000000070a800000| PB 0x000000070a800000| Untracked 
|  85|0x000000070aa00000, 0x000000070ac00000, 0x000000070ac00000|100%| O|  |TAMS 0x000000070aa00000| PB 0x000000070aa00000| Untracked 
|  86|0x000000070ac00000, 0x000000070ae00000, 0x000000070ae00000|100%| O|  |TAMS 0x000000070ac00000| PB 0x000000070ac00000| Untracked 
|  87|0x000000070ae00000, 0x000000070b000000, 0x000000070b000000|100%| O|  |TAMS 0x000000070ae00000| PB 0x000000070ae00000| Untracked 
|  88|0x000000070b000000, 0x000000070b200000, 0x000000070b200000|100%| O|  |TAMS 0x000000070b000000| PB 0x000000070b000000| Untracked 
|  89|0x000000070b200000, 0x000000070b400000, 0x000000070b400000|100%| O|  |TAMS 0x000000070b200000| PB 0x000000070b200000| Untracked 
|  90|0x000000070b400000, 0x000000070b600000, 0x000000070b600000|100%| O|  |TAMS 0x000000070b400000| PB 0x000000070b400000| Untracked 
|  91|0x000000070b600000, 0x000000070b800000, 0x000000070b800000|100%| O|  |TAMS 0x000000070b600000| PB 0x000000070b600000| Untracked 
|  92|0x000000070b800000, 0x000000070ba00000, 0x000000070ba00000|100%| O|  |TAMS 0x000000070b800000| PB 0x000000070b800000| Untracked 
|  93|0x000000070ba00000, 0x000000070bc00000, 0x000000070bc00000|100%| O|  |TAMS 0x000000070ba00000| PB 0x000000070ba00000| Untracked 
|  94|0x000000070bc00000, 0x000000070be00000, 0x000000070be00000|100%| O|  |TAMS 0x000000070bc00000| PB 0x000000070bc00000| Untracked 
|  95|0x000000070be00000, 0x000000070c000000, 0x000000070c000000|100%| O|  |TAMS 0x000000070be00000| PB 0x000000070be00000| Untracked 
|  96|0x000000070c000000, 0x000000070c200000, 0x000000070c200000|100%| O|  |TAMS 0x000000070c000000| PB 0x000000070c000000| Untracked 
|  97|0x000000070c200000, 0x000000070c400000, 0x000000070c400000|100%| O|  |TAMS 0x000000070c200000| PB 0x000000070c200000| Untracked 
|  98|0x000000070c400000, 0x000000070c600000, 0x000000070c600000|100%| O|  |TAMS 0x000000070c400000| PB 0x000000070c400000| Untracked 
|  99|0x000000070c600000, 0x000000070c800000, 0x000000070c800000|100%| O|  |TAMS 0x000000070c600000| PB 0x000000070c600000| Untracked 
| 100|0x000000070c800000, 0x000000070ca00000, 0x000000070ca00000|100%| O|  |TAMS 0x000000070c800000| PB 0x000000070c800000| Untracked 
| 101|0x000000070ca00000, 0x000000070cc00000, 0x000000070cc00000|100%| O|  |TAMS 0x000000070ca00000| PB 0x000000070ca00000| Untracked 
| 102|0x000000070cc00000, 0x000000070ce00000, 0x000000070ce00000|100%| O|  |TAMS 0x000000070cc00000| PB 0x000000070cc00000| Untracked 
| 103|0x000000070ce00000, 0x000000070d000000, 0x000000070d000000|100%| O|  |TAMS 0x000000070ce00000| PB 0x000000070ce00000| Untracked 
| 104|0x000000070d000000, 0x000000070d200000, 0x000000070d200000|100%| O|  |TAMS 0x000000070d000000| PB 0x000000070d000000| Untracked 
| 105|0x000000070d200000, 0x000000070d400000, 0x000000070d400000|100%| O|  |TAMS 0x000000070d200000| PB 0x000000070d200000| Untracked 
| 106|0x000000070d400000, 0x000000070d400000, 0x000000070d600000|  0%| F|  |TAMS 0x000000070d400000| PB 0x000000070d400000| Untracked 
| 107|0x000000070d600000, 0x000000070d800000, 0x000000070d800000|100%| O|  |TAMS 0x000000070d600000| PB 0x000000070d600000| Untracked 
| 108|0x000000070d800000, 0x000000070da00000, 0x000000070da00000|100%| O|  |TAMS 0x000000070d800000| PB 0x000000070d800000| Untracked 
| 109|0x000000070da00000, 0x000000070da00000, 0x000000070dc00000|  0%| F|  |TAMS 0x000000070da00000| PB 0x000000070da00000| Untracked 
| 110|0x000000070dc00000, 0x000000070de00000, 0x000000070de00000|100%| O|  |TAMS 0x000000070dc00000| PB 0x000000070dc00000| Untracked 
| 111|0x000000070de00000, 0x000000070e000000, 0x000000070e000000|100%| O|  |TAMS 0x000000070de00000| PB 0x000000070de00000| Untracked 
| 112|0x000000070e000000, 0x000000070e200000, 0x000000070e200000|100%| O|  |TAMS 0x000000070e000000| PB 0x000000070e000000| Untracked 
| 113|0x000000070e200000, 0x000000070e400000, 0x000000070e400000|100%| O|  |TAMS 0x000000070e200000| PB 0x000000070e200000| Untracked 
| 114|0x000000070e400000, 0x000000070e600000, 0x000000070e600000|100%| O|  |TAMS 0x000000070e400000| PB 0x000000070e400000| Untracked 
| 115|0x000000070e600000, 0x000000070e800000, 0x000000070e800000|100%| O|  |TAMS 0x000000070e600000| PB 0x000000070e600000| Untracked 
| 116|0x000000070e800000, 0x000000070ea00000, 0x000000070ea00000|100%| O|  |TAMS 0x000000070e800000| PB 0x000000070e800000| Untracked 
| 117|0x000000070ea00000, 0x000000070ec00000, 0x000000070ec00000|100%| O|  |TAMS 0x000000070ea00000| PB 0x000000070ea00000| Untracked 
| 118|0x000000070ec00000, 0x000000070ec00000, 0x000000070ee00000|  0%| F|  |TAMS 0x000000070ec00000| PB 0x000000070ec00000| Untracked 
| 119|0x000000070ee00000, 0x000000070f000000, 0x000000070f000000|100%| O|  |TAMS 0x000000070ee00000| PB 0x000000070ee00000| Untracked 
| 120|0x000000070f000000, 0x000000070f200000, 0x000000070f200000|100%|HS|  |TAMS 0x000000070f000000| PB 0x000000070f000000| Complete 
| 121|0x000000070f200000, 0x000000070f200000, 0x000000070f400000|  0%| F|  |TAMS 0x000000070f200000| PB 0x000000070f200000| Untracked 
| 122|0x000000070f400000, 0x000000070f600000, 0x000000070f600000|100%| O|  |TAMS 0x000000070f400000| PB 0x000000070f400000| Untracked 
| 123|0x000000070f600000, 0x000000070f800000, 0x000000070f800000|100%| O|  |TAMS 0x000000070f600000| PB 0x000000070f600000| Untracked 
| 124|0x000000070f800000, 0x000000070fa00000, 0x000000070fa00000|100%| O|  |TAMS 0x000000070f800000| PB 0x000000070f800000| Untracked 
| 125|0x000000070fa00000, 0x000000070fc00000, 0x000000070fc00000|100%| O|  |TAMS 0x000000070fa00000| PB 0x000000070fa00000| Untracked 
| 126|0x000000070fc00000, 0x000000070fe00000, 0x000000070fe00000|100%| O|  |TAMS 0x000000070fc00000| PB 0x000000070fc00000| Untracked 
| 127|0x000000070fe00000, 0x0000000710000000, 0x0000000710000000|100%| O|  |TAMS 0x000000070fe00000| PB 0x000000070fe00000| Untracked 
| 128|0x0000000710000000, 0x0000000710200000, 0x0000000710200000|100%| O|  |TAMS 0x0000000710000000| PB 0x0000000710000000| Untracked 
| 129|0x0000000710200000, 0x0000000710400000, 0x0000000710400000|100%| O|  |TAMS 0x0000000710200000| PB 0x0000000710200000| Untracked 
| 130|0x0000000710400000, 0x0000000710600000, 0x0000000710600000|100%| O|  |TAMS 0x0000000710400000| PB 0x0000000710400000| Untracked 
| 131|0x0000000710600000, 0x0000000710800000, 0x0000000710800000|100%| O|  |TAMS 0x0000000710600000| PB 0x0000000710600000| Untracked 
| 132|0x0000000710800000, 0x0000000710a00000, 0x0000000710a00000|100%| O|  |TAMS 0x0000000710800000| PB 0x0000000710800000| Untracked 
| 133|0x0000000710a00000, 0x0000000710c00000, 0x0000000710c00000|100%| O|  |TAMS 0x0000000710a00000| PB 0x0000000710a00000| Untracked 
| 134|0x0000000710c00000, 0x0000000710e00000, 0x0000000710e00000|100%| O|  |TAMS 0x0000000710c00000| PB 0x0000000710c00000| Untracked 
| 135|0x0000000710e00000, 0x0000000711000000, 0x0000000711000000|100%| O|  |TAMS 0x0000000710e00000| PB 0x0000000710e00000| Untracked 
| 136|0x0000000711000000, 0x0000000711200000, 0x0000000711200000|100%| O|  |TAMS 0x0000000711000000| PB 0x0000000711000000| Untracked 
| 137|0x0000000711200000, 0x0000000711400000, 0x0000000711400000|100%| O|  |TAMS 0x0000000711200000| PB 0x0000000711200000| Untracked 
| 138|0x0000000711400000, 0x0000000711600000, 0x0000000711600000|100%| O|  |TAMS 0x0000000711400000| PB 0x0000000711400000| Untracked 
| 139|0x0000000711600000, 0x0000000711800000, 0x0000000711800000|100%| O|  |TAMS 0x0000000711600000| PB 0x0000000711600000| Untracked 
| 140|0x0000000711800000, 0x0000000711800000, 0x0000000711a00000|  0%| F|  |TAMS 0x0000000711800000| PB 0x0000000711800000| Untracked 
| 141|0x0000000711a00000, 0x0000000711c00000, 0x0000000711c00000|100%| O|  |TAMS 0x0000000711a00000| PB 0x0000000711a00000| Untracked 
| 142|0x0000000711c00000, 0x0000000711e00000, 0x0000000711e00000|100%| O|  |TAMS 0x0000000711c00000| PB 0x0000000711c00000| Untracked 
| 143|0x0000000711e00000, 0x0000000712000000, 0x0000000712000000|100%| O|  |TAMS 0x0000000711e00000| PB 0x0000000711e00000| Untracked 
| 144|0x0000000712000000, 0x0000000712200000, 0x0000000712200000|100%| O|  |TAMS 0x0000000712000000| PB 0x0000000712000000| Untracked 
| 145|0x0000000712200000, 0x0000000712400000, 0x0000000712400000|100%| O|  |TAMS 0x0000000712200000| PB 0x0000000712200000| Untracked 
| 146|0x0000000712400000, 0x0000000712600000, 0x0000000712600000|100%| O|  |TAMS 0x0000000712400000| PB 0x0000000712400000| Untracked 
| 147|0x0000000712600000, 0x0000000712800000, 0x0000000712800000|100%| O|  |TAMS 0x0000000712600000| PB 0x0000000712600000| Untracked 
| 148|0x0000000712800000, 0x0000000712a00000, 0x0000000712a00000|100%| O|  |TAMS 0x0000000712800000| PB 0x0000000712800000| Untracked 
| 149|0x0000000712a00000, 0x0000000712c00000, 0x0000000712c00000|100%| O|  |TAMS 0x0000000712a00000| PB 0x0000000712a00000| Untracked 
| 150|0x0000000712c00000, 0x0000000712e00000, 0x0000000712e00000|100%| O|  |TAMS 0x0000000712c00000| PB 0x0000000712c00000| Untracked 
| 151|0x0000000712e00000, 0x0000000713000000, 0x0000000713000000|100%|HS|  |TAMS 0x0000000712e00000| PB 0x0000000712e00000| Complete 
| 152|0x0000000713000000, 0x0000000713200000, 0x0000000713200000|100%|HC|  |TAMS 0x0000000713000000| PB 0x0000000713000000| Complete 
| 153|0x0000000713200000, 0x0000000713400000, 0x0000000713400000|100%|HC|  |TAMS 0x0000000713200000| PB 0x0000000713200000| Complete 
| 154|0x0000000713400000, 0x0000000713600000, 0x0000000713600000|100%|HC|  |TAMS 0x0000000713400000| PB 0x0000000713400000| Complete 
| 155|0x0000000713600000, 0x0000000713800000, 0x0000000713800000|100%| O|  |TAMS 0x0000000713600000| PB 0x0000000713600000| Untracked 
| 156|0x0000000713800000, 0x0000000713a00000, 0x0000000713a00000|100%| O|  |TAMS 0x0000000713800000| PB 0x0000000713800000| Untracked 
| 157|0x0000000713a00000, 0x0000000713c00000, 0x0000000713c00000|100%| O|  |TAMS 0x0000000713a00000| PB 0x0000000713a00000| Untracked 
| 158|0x0000000713c00000, 0x0000000713e00000, 0x0000000713e00000|100%| O|  |TAMS 0x0000000713c00000| PB 0x0000000713c00000| Untracked 
| 159|0x0000000713e00000, 0x0000000714000000, 0x0000000714000000|100%|HS|  |TAMS 0x0000000713e00000| PB 0x0000000713e00000| Complete 
| 160|0x0000000714000000, 0x0000000714200000, 0x0000000714200000|100%|HC|  |TAMS 0x0000000714000000| PB 0x0000000714000000| Complete 
| 161|0x0000000714200000, 0x0000000714400000, 0x0000000714400000|100%|HC|  |TAMS 0x0000000714200000| PB 0x0000000714200000| Complete 
| 162|0x0000000714400000, 0x0000000714600000, 0x0000000714600000|100%|HS|  |TAMS 0x0000000714400000| PB 0x0000000714400000| Complete 
| 163|0x0000000714600000, 0x0000000714800000, 0x0000000714800000|100%|HC|  |TAMS 0x0000000714600000| PB 0x0000000714600000| Complete 
| 164|0x0000000714800000, 0x0000000714a00000, 0x0000000714a00000|100%|HS|  |TAMS 0x0000000714800000| PB 0x0000000714800000| Complete 
| 165|0x0000000714a00000, 0x0000000714c00000, 0x0000000714c00000|100%|HS|  |TAMS 0x0000000714a00000| PB 0x0000000714a00000| Complete 
| 166|0x0000000714c00000, 0x0000000714e00000, 0x0000000714e00000|100%|HC|  |TAMS 0x0000000714c00000| PB 0x0000000714c00000| Complete 
| 167|0x0000000714e00000, 0x0000000715000000, 0x0000000715000000|100%|HC|  |TAMS 0x0000000714e00000| PB 0x0000000714e00000| Complete 
| 168|0x0000000715000000, 0x0000000715200000, 0x0000000715200000|100%|HS|  |TAMS 0x0000000715000000| PB 0x0000000715000000| Complete 
| 169|0x0000000715200000, 0x0000000715400000, 0x0000000715400000|100%|HC|  |TAMS 0x0000000715200000| PB 0x0000000715200000| Complete 
| 170|0x0000000715400000, 0x0000000715600000, 0x0000000715600000|100%|HS|  |TAMS 0x0000000715400000| PB 0x0000000715400000| Complete 
| 171|0x0000000715600000, 0x0000000715800000, 0x0000000715800000|100%|HS|  |TAMS 0x0000000715600000| PB 0x0000000715600000| Complete 
| 172|0x0000000715800000, 0x0000000715a00000, 0x0000000715a00000|100%| O|  |TAMS 0x0000000715800000| PB 0x0000000715800000| Untracked 
| 173|0x0000000715a00000, 0x0000000715c00000, 0x0000000715c00000|100%| O|  |TAMS 0x0000000715a00000| PB 0x0000000715a00000| Untracked 
| 174|0x0000000715c00000, 0x0000000715e00000, 0x0000000715e00000|100%| O|  |TAMS 0x0000000715c00000| PB 0x0000000715c00000| Untracked 
| 175|0x0000000715e00000, 0x0000000716000000, 0x0000000716000000|100%|HS|  |TAMS 0x0000000715e00000| PB 0x0000000715e00000| Complete 
| 176|0x0000000716000000, 0x0000000716200000, 0x0000000716200000|100%|HC|  |TAMS 0x0000000716000000| PB 0x0000000716000000| Complete 
| 177|0x0000000716200000, 0x0000000716400000, 0x0000000716400000|100%|HC|  |TAMS 0x0000000716200000| PB 0x0000000716200000| Complete 
| 178|0x0000000716400000, 0x0000000716600000, 0x0000000716600000|100%|HS|  |TAMS 0x0000000716400000| PB 0x0000000716400000| Complete 
| 179|0x0000000716600000, 0x0000000716800000, 0x0000000716800000|100%|HC|  |TAMS 0x0000000716600000| PB 0x0000000716600000| Complete 
| 180|0x0000000716800000, 0x0000000716a00000, 0x0000000716a00000|100%|HC|  |TAMS 0x0000000716800000| PB 0x0000000716800000| Complete 
| 181|0x0000000716a00000, 0x0000000716c00000, 0x0000000716c00000|100%| O|  |TAMS 0x0000000716a00000| PB 0x0000000716a00000| Untracked 
| 182|0x0000000716c00000, 0x0000000716e00000, 0x0000000716e00000|100%| O|  |TAMS 0x0000000716c00000| PB 0x0000000716c00000| Untracked 
| 183|0x0000000716e00000, 0x0000000717000000, 0x0000000717000000|100%| O|  |TAMS 0x0000000716e00000| PB 0x0000000716e00000| Untracked 
| 184|0x0000000717000000, 0x0000000717200000, 0x0000000717200000|100%| O|  |TAMS 0x0000000717000000| PB 0x0000000717000000| Untracked 
| 185|0x0000000717200000, 0x0000000717400000, 0x0000000717400000|100%| O|  |TAMS 0x0000000717200000| PB 0x0000000717200000| Untracked 
| 186|0x0000000717400000, 0x0000000717400000, 0x0000000717600000|  0%| F|  |TAMS 0x0000000717400000| PB 0x0000000717400000| Untracked 
| 187|0x0000000717600000, 0x0000000717800000, 0x0000000717800000|100%| O|  |TAMS 0x0000000717600000| PB 0x0000000717600000| Untracked 
| 188|0x0000000717800000, 0x0000000717a00000, 0x0000000717a00000|100%| O|  |TAMS 0x0000000717800000| PB 0x0000000717800000| Untracked 
| 189|0x0000000717a00000, 0x0000000717c00000, 0x0000000717c00000|100%| O|  |TAMS 0x0000000717a00000| PB 0x0000000717a00000| Untracked 
| 190|0x0000000717c00000, 0x0000000717e00000, 0x0000000717e00000|100%| O|  |TAMS 0x0000000717c00000| PB 0x0000000717c00000| Untracked 
| 191|0x0000000717e00000, 0x0000000718000000, 0x0000000718000000|100%| O|  |TAMS 0x0000000717e00000| PB 0x0000000717e00000| Untracked 
| 192|0x0000000718000000, 0x0000000718200000, 0x0000000718200000|100%| O|  |TAMS 0x0000000718000000| PB 0x0000000718000000| Untracked 
| 193|0x0000000718200000, 0x0000000718400000, 0x0000000718400000|100%| O|  |TAMS 0x0000000718200000| PB 0x0000000718200000| Untracked 
| 194|0x0000000718400000, 0x0000000718600000, 0x0000000718600000|100%| O|  |TAMS 0x0000000718400000| PB 0x0000000718400000| Untracked 
| 195|0x0000000718600000, 0x0000000718800000, 0x0000000718800000|100%| O|  |TAMS 0x0000000718600000| PB 0x0000000718600000| Untracked 
| 196|0x0000000718800000, 0x0000000718a00000, 0x0000000718a00000|100%| O|  |TAMS 0x0000000718800000| PB 0x0000000718800000| Untracked 
| 197|0x0000000718a00000, 0x0000000718c00000, 0x0000000718c00000|100%| O|  |TAMS 0x0000000718a00000| PB 0x0000000718a00000| Untracked 
| 198|0x0000000718c00000, 0x0000000718e00000, 0x0000000718e00000|100%| O|  |TAMS 0x0000000718c00000| PB 0x0000000718c00000| Untracked 
| 199|0x0000000718e00000, 0x0000000719000000, 0x0000000719000000|100%| O|  |TAMS 0x0000000718e00000| PB 0x0000000718e00000| Untracked 
| 200|0x0000000719000000, 0x0000000719200000, 0x0000000719200000|100%| O|  |TAMS 0x0000000719000000| PB 0x0000000719000000| Untracked 
| 201|0x0000000719200000, 0x0000000719200000, 0x0000000719400000|  0%| F|  |TAMS 0x0000000719200000| PB 0x0000000719200000| Untracked 
| 202|0x0000000719400000, 0x0000000719600000, 0x0000000719600000|100%| O|  |TAMS 0x0000000719400000| PB 0x0000000719400000| Untracked 
| 203|0x0000000719600000, 0x0000000719800000, 0x0000000719800000|100%| O|  |TAMS 0x0000000719600000| PB 0x0000000719600000| Untracked 
| 204|0x0000000719800000, 0x0000000719a00000, 0x0000000719a00000|100%| O|  |TAMS 0x0000000719800000| PB 0x0000000719800000| Untracked 
| 205|0x0000000719a00000, 0x0000000719c00000, 0x0000000719c00000|100%| O|  |TAMS 0x0000000719a00000| PB 0x0000000719a00000| Untracked 
| 206|0x0000000719c00000, 0x0000000719e00000, 0x0000000719e00000|100%| O|  |TAMS 0x0000000719c00000| PB 0x0000000719c00000| Untracked 
| 207|0x0000000719e00000, 0x000000071a000000, 0x000000071a000000|100%| O|  |TAMS 0x0000000719e00000| PB 0x0000000719e00000| Untracked 
| 208|0x000000071a000000, 0x000000071a200000, 0x000000071a200000|100%| O|  |TAMS 0x000000071a000000| PB 0x000000071a000000| Untracked 
| 209|0x000000071a200000, 0x000000071a400000, 0x000000071a400000|100%| O|  |TAMS 0x000000071a200000| PB 0x000000071a200000| Untracked 
| 210|0x000000071a400000, 0x000000071a600000, 0x000000071a600000|100%| O|  |TAMS 0x000000071a400000| PB 0x000000071a400000| Untracked 
| 211|0x000000071a600000, 0x000000071a800000, 0x000000071a800000|100%| O|  |TAMS 0x000000071a600000| PB 0x000000071a600000| Untracked 
| 212|0x000000071a800000, 0x000000071aa00000, 0x000000071aa00000|100%| O|  |TAMS 0x000000071a800000| PB 0x000000071a800000| Untracked 
| 213|0x000000071aa00000, 0x000000071ac00000, 0x000000071ac00000|100%| O|  |TAMS 0x000000071aa00000| PB 0x000000071aa00000| Untracked 
| 214|0x000000071ac00000, 0x000000071ae00000, 0x000000071ae00000|100%| O|  |TAMS 0x000000071ac00000| PB 0x000000071ac00000| Untracked 
| 215|0x000000071ae00000, 0x000000071b000000, 0x000000071b000000|100%| O|  |TAMS 0x000000071ae00000| PB 0x000000071ae00000| Untracked 
| 216|0x000000071b000000, 0x000000071b200000, 0x000000071b200000|100%| O|  |TAMS 0x000000071b000000| PB 0x000000071b000000| Untracked 
| 217|0x000000071b200000, 0x000000071b400000, 0x000000071b400000|100%| O|  |TAMS 0x000000071b200000| PB 0x000000071b200000| Untracked 
| 218|0x000000071b400000, 0x000000071b600000, 0x000000071b600000|100%| O|  |TAMS 0x000000071b400000| PB 0x000000071b400000| Untracked 
| 219|0x000000071b600000, 0x000000071b800000, 0x000000071b800000|100%| O|  |TAMS 0x000000071b600000| PB 0x000000071b600000| Untracked 
| 220|0x000000071b800000, 0x000000071ba00000, 0x000000071ba00000|100%| O|  |TAMS 0x000000071b800000| PB 0x000000071b800000| Untracked 
| 221|0x000000071ba00000, 0x000000071bc00000, 0x000000071bc00000|100%| O|  |TAMS 0x000000071ba00000| PB 0x000000071ba00000| Untracked 
| 222|0x000000071bc00000, 0x000000071bc00000, 0x000000071be00000|  0%| F|  |TAMS 0x000000071bc00000| PB 0x000000071bc00000| Untracked 
| 223|0x000000071be00000, 0x000000071c000000, 0x000000071c000000|100%| O|  |TAMS 0x000000071be00000| PB 0x000000071be00000| Untracked 
| 224|0x000000071c000000, 0x000000071c200000, 0x000000071c200000|100%| O|  |TAMS 0x000000071c000000| PB 0x000000071c000000| Untracked 
| 225|0x000000071c200000, 0x000000071c400000, 0x000000071c400000|100%| O|  |TAMS 0x000000071c200000| PB 0x000000071c200000| Untracked 
| 226|0x000000071c400000, 0x000000071c600000, 0x000000071c600000|100%| O|  |TAMS 0x000000071c400000| PB 0x000000071c400000| Untracked 
| 227|0x000000071c600000, 0x000000071c800000, 0x000000071c800000|100%| O|  |TAMS 0x000000071c600000| PB 0x000000071c600000| Untracked 
| 228|0x000000071c800000, 0x000000071ca00000, 0x000000071ca00000|100%| O|  |TAMS 0x000000071c800000| PB 0x000000071c800000| Untracked 
| 229|0x000000071ca00000, 0x000000071cc00000, 0x000000071cc00000|100%| O|  |TAMS 0x000000071ca00000| PB 0x000000071ca00000| Untracked 
| 230|0x000000071cc00000, 0x000000071ce00000, 0x000000071ce00000|100%| O|  |TAMS 0x000000071cc00000| PB 0x000000071cc00000| Untracked 
| 231|0x000000071ce00000, 0x000000071d000000, 0x000000071d000000|100%| O|  |TAMS 0x000000071ce00000| PB 0x000000071ce00000| Untracked 
| 232|0x000000071d000000, 0x000000071d200000, 0x000000071d200000|100%| O|  |TAMS 0x000000071d000000| PB 0x000000071d000000| Untracked 
| 233|0x000000071d200000, 0x000000071d400000, 0x000000071d400000|100%| O|  |TAMS 0x000000071d200000| PB 0x000000071d200000| Untracked 
| 234|0x000000071d400000, 0x000000071d600000, 0x000000071d600000|100%| O|  |TAMS 0x000000071d400000| PB 0x000000071d400000| Untracked 
| 235|0x000000071d600000, 0x000000071d800000, 0x000000071d800000|100%| O|  |TAMS 0x000000071d600000| PB 0x000000071d600000| Untracked 
| 236|0x000000071d800000, 0x000000071da00000, 0x000000071da00000|100%| O|  |TAMS 0x000000071d800000| PB 0x000000071d800000| Untracked 
| 237|0x000000071da00000, 0x000000071da00000, 0x000000071dc00000|  0%| F|  |TAMS 0x000000071da00000| PB 0x000000071da00000| Untracked 
| 238|0x000000071dc00000, 0x000000071dc00000, 0x000000071de00000|  0%| F|  |TAMS 0x000000071dc00000| PB 0x000000071dc00000| Untracked 
| 239|0x000000071de00000, 0x000000071e000000, 0x000000071e000000|100%| O|  |TAMS 0x000000071de00000| PB 0x000000071de00000| Untracked 
| 240|0x000000071e000000, 0x000000071e200000, 0x000000071e200000|100%| O|  |TAMS 0x000000071e000000| PB 0x000000071e000000| Untracked 
| 241|0x000000071e200000, 0x000000071e200000, 0x000000071e400000|  0%| F|  |TAMS 0x000000071e200000| PB 0x000000071e200000| Untracked 
| 242|0x000000071e400000, 0x000000071e600000, 0x000000071e600000|100%| O|  |TAMS 0x000000071e400000| PB 0x000000071e400000| Untracked 
| 243|0x000000071e600000, 0x000000071e800000, 0x000000071e800000|100%| O|  |TAMS 0x000000071e600000| PB 0x000000071e600000| Untracked 
| 244|0x000000071e800000, 0x000000071e800000, 0x000000071ea00000|  0%| F|  |TAMS 0x000000071e800000| PB 0x000000071e800000| Untracked 
| 245|0x000000071ea00000, 0x000000071ec00000, 0x000000071ec00000|100%| O|  |TAMS 0x000000071ea00000| PB 0x000000071ea00000| Untracked 
| 246|0x000000071ec00000, 0x000000071ee00000, 0x000000071ee00000|100%| O|  |TAMS 0x000000071ec00000| PB 0x000000071ec00000| Untracked 
| 247|0x000000071ee00000, 0x000000071f000000, 0x000000071f000000|100%| O|  |TAMS 0x000000071ee00000| PB 0x000000071ee00000| Untracked 
| 248|0x000000071f000000, 0x000000071f200000, 0x000000071f200000|100%| O|  |TAMS 0x000000071f000000| PB 0x000000071f000000| Untracked 
| 249|0x000000071f200000, 0x000000071f400000, 0x000000071f400000|100%| O|  |TAMS 0x000000071f200000| PB 0x000000071f200000| Untracked 
| 250|0x000000071f400000, 0x000000071f600000, 0x000000071f600000|100%| O|  |TAMS 0x000000071f400000| PB 0x000000071f400000| Untracked 
| 251|0x000000071f600000, 0x000000071f800000, 0x000000071f800000|100%| O|  |TAMS 0x000000071f600000| PB 0x000000071f600000| Untracked 
| 252|0x000000071f800000, 0x000000071fa00000, 0x000000071fa00000|100%| O|  |TAMS 0x000000071f800000| PB 0x000000071f800000| Untracked 
| 253|0x000000071fa00000, 0x000000071fa00000, 0x000000071fc00000|  0%| F|  |TAMS 0x000000071fa00000| PB 0x000000071fa00000| Untracked 
| 254|0x000000071fc00000, 0x000000071fe00000, 0x000000071fe00000|100%| O|  |TAMS 0x000000071fc00000| PB 0x000000071fc00000| Untracked 
| 255|0x000000071fe00000, 0x0000000720000000, 0x0000000720000000|100%|HS|  |TAMS 0x000000071fe00000| PB 0x000000071fe00000| Complete 
| 256|0x0000000720000000, 0x0000000720200000, 0x0000000720200000|100%| O|  |TAMS 0x0000000720000000| PB 0x0000000720000000| Untracked 
| 257|0x0000000720200000, 0x0000000720400000, 0x0000000720400000|100%| O|  |TAMS 0x0000000720200000| PB 0x0000000720200000| Untracked 
| 258|0x0000000720400000, 0x0000000720600000, 0x0000000720600000|100%| O|  |TAMS 0x0000000720400000| PB 0x0000000720400000| Untracked 
| 259|0x0000000720600000, 0x0000000720800000, 0x0000000720800000|100%| O|  |TAMS 0x0000000720600000| PB 0x0000000720600000| Untracked 
| 260|0x0000000720800000, 0x0000000720a00000, 0x0000000720a00000|100%| O|  |TAMS 0x0000000720800000| PB 0x0000000720800000| Untracked 
| 261|0x0000000720a00000, 0x0000000720c00000, 0x0000000720c00000|100%| O|  |TAMS 0x0000000720a00000| PB 0x0000000720a00000| Untracked 
| 262|0x0000000720c00000, 0x0000000720e00000, 0x0000000720e00000|100%| O|  |TAMS 0x0000000720c00000| PB 0x0000000720c00000| Untracked 
| 263|0x0000000720e00000, 0x0000000721000000, 0x0000000721000000|100%| O|  |TAMS 0x0000000720e00000| PB 0x0000000720e00000| Untracked 
| 264|0x0000000721000000, 0x0000000721200000, 0x0000000721200000|100%| O|  |TAMS 0x0000000721000000| PB 0x0000000721000000| Untracked 
| 265|0x0000000721200000, 0x0000000721400000, 0x0000000721400000|100%| O|  |TAMS 0x0000000721200000| PB 0x0000000721200000| Untracked 
| 266|0x0000000721400000, 0x0000000721600000, 0x0000000721600000|100%| O|  |TAMS 0x0000000721400000| PB 0x0000000721400000| Untracked 
| 267|0x0000000721600000, 0x0000000721800000, 0x0000000721800000|100%| O|  |TAMS 0x0000000721600000| PB 0x0000000721600000| Untracked 
| 268|0x0000000721800000, 0x0000000721a00000, 0x0000000721a00000|100%| O|  |TAMS 0x0000000721800000| PB 0x0000000721800000| Untracked 
| 269|0x0000000721a00000, 0x0000000721c00000, 0x0000000721c00000|100%| O|  |TAMS 0x0000000721a00000| PB 0x0000000721a00000| Untracked 
| 270|0x0000000721c00000, 0x0000000721e00000, 0x0000000721e00000|100%| O|  |TAMS 0x0000000721c00000| PB 0x0000000721c00000| Untracked 
| 271|0x0000000721e00000, 0x0000000722000000, 0x0000000722000000|100%| O|  |TAMS 0x0000000721e00000| PB 0x0000000721e00000| Untracked 
| 272|0x0000000722000000, 0x0000000722200000, 0x0000000722200000|100%| O|  |TAMS 0x0000000722000000| PB 0x0000000722000000| Untracked 
| 273|0x0000000722200000, 0x0000000722400000, 0x0000000722400000|100%| O|  |TAMS 0x0000000722200000| PB 0x0000000722200000| Untracked 
| 274|0x0000000722400000, 0x0000000722600000, 0x0000000722600000|100%| O|  |TAMS 0x0000000722400000| PB 0x0000000722400000| Untracked 
| 275|0x0000000722600000, 0x0000000722800000, 0x0000000722800000|100%| O|  |TAMS 0x0000000722600000| PB 0x0000000722600000| Untracked 
| 276|0x0000000722800000, 0x0000000722a00000, 0x0000000722a00000|100%|HS|  |TAMS 0x0000000722800000| PB 0x0000000722800000| Complete 
| 277|0x0000000722a00000, 0x0000000722c00000, 0x0000000722c00000|100%|HC|  |TAMS 0x0000000722a00000| PB 0x0000000722a00000| Complete 
| 278|0x0000000722c00000, 0x0000000722e00000, 0x0000000722e00000|100%|HC|  |TAMS 0x0000000722c00000| PB 0x0000000722c00000| Complete 
| 279|0x0000000722e00000, 0x0000000723000000, 0x0000000723000000|100%|HC|  |TAMS 0x0000000722e00000| PB 0x0000000722e00000| Complete 
| 280|0x0000000723000000, 0x0000000723200000, 0x0000000723200000|100%| O|  |TAMS 0x0000000723000000| PB 0x0000000723000000| Untracked 
| 281|0x0000000723200000, 0x0000000723400000, 0x0000000723400000|100%| O|  |TAMS 0x0000000723200000| PB 0x0000000723200000| Untracked 
| 282|0x0000000723400000, 0x0000000723600000, 0x0000000723600000|100%| O|  |TAMS 0x0000000723400000| PB 0x0000000723400000| Untracked 
| 283|0x0000000723600000, 0x0000000723800000, 0x0000000723800000|100%| O|  |TAMS 0x0000000723600000| PB 0x0000000723600000| Untracked 
| 284|0x0000000723800000, 0x0000000723a00000, 0x0000000723a00000|100%| O|  |TAMS 0x0000000723800000| PB 0x0000000723800000| Untracked 
| 285|0x0000000723a00000, 0x0000000723c00000, 0x0000000723c00000|100%| O|  |TAMS 0x0000000723a00000| PB 0x0000000723a00000| Untracked 
| 286|0x0000000723c00000, 0x0000000723e00000, 0x0000000723e00000|100%| O|  |TAMS 0x0000000723c00000| PB 0x0000000723c00000| Untracked 
| 287|0x0000000723e00000, 0x0000000724000000, 0x0000000724000000|100%| O|  |TAMS 0x0000000723e00000| PB 0x0000000723e00000| Untracked 
| 288|0x0000000724000000, 0x0000000724200000, 0x0000000724200000|100%| O|  |TAMS 0x0000000724000000| PB 0x0000000724000000| Untracked 
| 289|0x0000000724200000, 0x0000000724400000, 0x0000000724400000|100%| O|  |TAMS 0x0000000724200000| PB 0x0000000724200000| Untracked 
| 290|0x0000000724400000, 0x0000000724600000, 0x0000000724600000|100%| O|  |TAMS 0x0000000724400000| PB 0x0000000724400000| Untracked 
| 291|0x0000000724600000, 0x0000000724800000, 0x0000000724800000|100%| O|  |TAMS 0x0000000724600000| PB 0x0000000724600000| Untracked 
| 292|0x0000000724800000, 0x0000000724a00000, 0x0000000724a00000|100%| O|  |TAMS 0x0000000724800000| PB 0x0000000724800000| Untracked 
| 293|0x0000000724a00000, 0x0000000724c00000, 0x0000000724c00000|100%| O|  |TAMS 0x0000000724a00000| PB 0x0000000724a00000| Untracked 
| 294|0x0000000724c00000, 0x0000000724e00000, 0x0000000724e00000|100%| O|  |TAMS 0x0000000724c00000| PB 0x0000000724c00000| Untracked 
| 295|0x0000000724e00000, 0x0000000724e00000, 0x0000000725000000|  0%| F|  |TAMS 0x0000000724e00000| PB 0x0000000724e00000| Untracked 
| 296|0x0000000725000000, 0x0000000725200000, 0x0000000725200000|100%| O|  |TAMS 0x0000000725000000| PB 0x0000000725000000| Untracked 
| 297|0x0000000725200000, 0x0000000725400000, 0x0000000725400000|100%| O|  |TAMS 0x0000000725200000| PB 0x0000000725200000| Untracked 
| 298|0x0000000725400000, 0x0000000725600000, 0x0000000725600000|100%| O|  |TAMS 0x0000000725400000| PB 0x0000000725400000| Untracked 
| 299|0x0000000725600000, 0x0000000725800000, 0x0000000725800000|100%| O|  |TAMS 0x0000000725600000| PB 0x0000000725600000| Untracked 
| 300|0x0000000725800000, 0x0000000725a00000, 0x0000000725a00000|100%| O|  |TAMS 0x0000000725800000| PB 0x0000000725800000| Untracked 
| 301|0x0000000725a00000, 0x0000000725c00000, 0x0000000725c00000|100%| O|  |TAMS 0x0000000725a00000| PB 0x0000000725a00000| Untracked 
| 302|0x0000000725c00000, 0x0000000725e00000, 0x0000000725e00000|100%| O|  |TAMS 0x0000000725c00000| PB 0x0000000725c00000| Untracked 
| 303|0x0000000725e00000, 0x0000000726000000, 0x0000000726000000|100%| O|  |TAMS 0x0000000725e00000| PB 0x0000000725e00000| Untracked 
| 304|0x0000000726000000, 0x0000000726200000, 0x0000000726200000|100%| O|  |TAMS 0x0000000726000000| PB 0x0000000726000000| Untracked 
| 305|0x0000000726200000, 0x0000000726400000, 0x0000000726400000|100%| O|  |TAMS 0x0000000726200000| PB 0x0000000726200000| Untracked 
| 306|0x0000000726400000, 0x0000000726600000, 0x0000000726600000|100%| O|  |TAMS 0x0000000726400000| PB 0x0000000726400000| Untracked 
| 307|0x0000000726600000, 0x0000000726800000, 0x0000000726800000|100%| O|  |TAMS 0x0000000726600000| PB 0x0000000726600000| Untracked 
| 308|0x0000000726800000, 0x0000000726a00000, 0x0000000726a00000|100%| O|  |TAMS 0x0000000726800000| PB 0x0000000726800000| Untracked 
| 309|0x0000000726a00000, 0x0000000726c00000, 0x0000000726c00000|100%| O|  |TAMS 0x0000000726a00000| PB 0x0000000726a00000| Untracked 
| 310|0x0000000726c00000, 0x0000000726e00000, 0x0000000726e00000|100%| O|  |TAMS 0x0000000726c00000| PB 0x0000000726c00000| Untracked 
| 311|0x0000000726e00000, 0x0000000727000000, 0x0000000727000000|100%| O|  |TAMS 0x0000000726e00000| PB 0x0000000726e00000| Untracked 
| 312|0x0000000727000000, 0x0000000727200000, 0x0000000727200000|100%| O|  |TAMS 0x0000000727000000| PB 0x0000000727000000| Untracked 
| 313|0x0000000727200000, 0x0000000727400000, 0x0000000727400000|100%| O|  |TAMS 0x0000000727200000| PB 0x0000000727200000| Untracked 
| 314|0x0000000727400000, 0x0000000727600000, 0x0000000727600000|100%| O|  |TAMS 0x0000000727400000| PB 0x0000000727400000| Untracked 
| 315|0x0000000727600000, 0x0000000727800000, 0x0000000727800000|100%| O|  |TAMS 0x0000000727600000| PB 0x0000000727600000| Untracked 
| 316|0x0000000727800000, 0x0000000727a00000, 0x0000000727a00000|100%| O|  |TAMS 0x0000000727800000| PB 0x0000000727800000| Untracked 
| 317|0x0000000727a00000, 0x0000000727c00000, 0x0000000727c00000|100%| O|  |TAMS 0x0000000727a00000| PB 0x0000000727a00000| Untracked 
| 318|0x0000000727c00000, 0x0000000727e00000, 0x0000000727e00000|100%| O|  |TAMS 0x0000000727c00000| PB 0x0000000727c00000| Untracked 
| 319|0x0000000727e00000, 0x0000000728000000, 0x0000000728000000|100%| O|  |TAMS 0x0000000727e00000| PB 0x0000000727e00000| Untracked 
| 320|0x0000000728000000, 0x0000000728200000, 0x0000000728200000|100%| O|  |TAMS 0x0000000728000000| PB 0x0000000728000000| Untracked 
| 321|0x0000000728200000, 0x0000000728400000, 0x0000000728400000|100%| O|  |TAMS 0x0000000728200000| PB 0x0000000728200000| Untracked 
| 322|0x0000000728400000, 0x0000000728600000, 0x0000000728600000|100%| O|  |TAMS 0x0000000728400000| PB 0x0000000728400000| Untracked 
| 323|0x0000000728600000, 0x0000000728800000, 0x0000000728800000|100%| O|  |TAMS 0x0000000728600000| PB 0x0000000728600000| Untracked 
| 324|0x0000000728800000, 0x0000000728a00000, 0x0000000728a00000|100%| O|  |TAMS 0x0000000728800000| PB 0x0000000728800000| Untracked 
| 325|0x0000000728a00000, 0x0000000728c00000, 0x0000000728c00000|100%| O|  |TAMS 0x0000000728a00000| PB 0x0000000728a00000| Untracked 
| 326|0x0000000728c00000, 0x0000000728e00000, 0x0000000728e00000|100%| O|  |TAMS 0x0000000728c00000| PB 0x0000000728c00000| Untracked 
| 327|0x0000000728e00000, 0x0000000729000000, 0x0000000729000000|100%| O|  |TAMS 0x0000000728e00000| PB 0x0000000728e00000| Untracked 
| 328|0x0000000729000000, 0x0000000729200000, 0x0000000729200000|100%| O|  |TAMS 0x0000000729000000| PB 0x0000000729000000| Untracked 
| 329|0x0000000729200000, 0x0000000729400000, 0x0000000729400000|100%| O|  |TAMS 0x0000000729200000| PB 0x0000000729200000| Untracked 
| 330|0x0000000729400000, 0x0000000729400000, 0x0000000729600000|  0%| F|  |TAMS 0x0000000729400000| PB 0x0000000729400000| Untracked 
| 331|0x0000000729600000, 0x0000000729800000, 0x0000000729800000|100%| O|  |TAMS 0x0000000729600000| PB 0x0000000729600000| Untracked 
| 332|0x0000000729800000, 0x0000000729800000, 0x0000000729a00000|  0%| F|  |TAMS 0x0000000729800000| PB 0x0000000729800000| Untracked 
| 333|0x0000000729a00000, 0x0000000729c00000, 0x0000000729c00000|100%| O|  |TAMS 0x0000000729a00000| PB 0x0000000729a00000| Untracked 
| 334|0x0000000729c00000, 0x0000000729e00000, 0x0000000729e00000|100%| O|  |TAMS 0x0000000729c00000| PB 0x0000000729c00000| Untracked 
| 335|0x0000000729e00000, 0x0000000729e00000, 0x000000072a000000|  0%| F|  |TAMS 0x0000000729e00000| PB 0x0000000729e00000| Untracked 
| 336|0x000000072a000000, 0x000000072a200000, 0x000000072a200000|100%| O|  |TAMS 0x000000072a000000| PB 0x000000072a000000| Untracked 
| 337|0x000000072a200000, 0x000000072a400000, 0x000000072a400000|100%| O|  |TAMS 0x000000072a200000| PB 0x000000072a200000| Untracked 
| 338|0x000000072a400000, 0x000000072a600000, 0x000000072a600000|100%| O|  |TAMS 0x000000072a400000| PB 0x000000072a400000| Untracked 
| 339|0x000000072a600000, 0x000000072a800000, 0x000000072a800000|100%| O|  |TAMS 0x000000072a600000| PB 0x000000072a600000| Untracked 
| 340|0x000000072a800000, 0x000000072a800000, 0x000000072aa00000|  0%| F|  |TAMS 0x000000072a800000| PB 0x000000072a800000| Untracked 
| 341|0x000000072aa00000, 0x000000072ac00000, 0x000000072ac00000|100%| O|  |TAMS 0x000000072aa00000| PB 0x000000072aa00000| Untracked 
| 342|0x000000072ac00000, 0x000000072ac00000, 0x000000072ae00000|  0%| F|  |TAMS 0x000000072ac00000| PB 0x000000072ac00000| Untracked 
| 343|0x000000072ae00000, 0x000000072b000000, 0x000000072b000000|100%| O|  |TAMS 0x000000072ae00000| PB 0x000000072ae00000| Untracked 
| 344|0x000000072b000000, 0x000000072b000000, 0x000000072b200000|  0%| F|  |TAMS 0x000000072b000000| PB 0x000000072b000000| Untracked 
| 345|0x000000072b200000, 0x000000072b400000, 0x000000072b400000|100%| O|  |TAMS 0x000000072b200000| PB 0x000000072b200000| Untracked 
| 346|0x000000072b400000, 0x000000072b400000, 0x000000072b600000|  0%| F|  |TAMS 0x000000072b400000| PB 0x000000072b400000| Untracked 
| 347|0x000000072b600000, 0x000000072b800000, 0x000000072b800000|100%| O|  |TAMS 0x000000072b600000| PB 0x000000072b600000| Untracked 
| 348|0x000000072b800000, 0x000000072b800000, 0x000000072ba00000|  0%| F|  |TAMS 0x000000072b800000| PB 0x000000072b800000| Untracked 
| 349|0x000000072ba00000, 0x000000072bc00000, 0x000000072bc00000|100%| O|  |TAMS 0x000000072ba00000| PB 0x000000072ba00000| Untracked 
| 350|0x000000072bc00000, 0x000000072bc00000, 0x000000072be00000|  0%| F|  |TAMS 0x000000072bc00000| PB 0x000000072bc00000| Untracked 
| 351|0x000000072be00000, 0x000000072c000000, 0x000000072c000000|100%| O|  |TAMS 0x000000072be00000| PB 0x000000072be00000| Untracked 
| 352|0x000000072c000000, 0x000000072c200000, 0x000000072c200000|100%| O|  |TAMS 0x000000072c000000| PB 0x000000072c000000| Untracked 
| 353|0x000000072c200000, 0x000000072c400000, 0x000000072c400000|100%| O|  |TAMS 0x000000072c200000| PB 0x000000072c200000| Untracked 
| 354|0x000000072c400000, 0x000000072c600000, 0x000000072c600000|100%| O|  |TAMS 0x000000072c400000| PB 0x000000072c400000| Untracked 
| 355|0x000000072c600000, 0x000000072c800000, 0x000000072c800000|100%| O|  |TAMS 0x000000072c600000| PB 0x000000072c600000| Untracked 
| 356|0x000000072c800000, 0x000000072ca00000, 0x000000072ca00000|100%| O|  |TAMS 0x000000072c800000| PB 0x000000072c800000| Untracked 
| 357|0x000000072ca00000, 0x000000072ca00000, 0x000000072cc00000|  0%| F|  |TAMS 0x000000072ca00000| PB 0x000000072ca00000| Untracked 
| 358|0x000000072cc00000, 0x000000072ce00000, 0x000000072ce00000|100%| O|  |TAMS 0x000000072cc00000| PB 0x000000072cc00000| Untracked 
| 359|0x000000072ce00000, 0x000000072ce00000, 0x000000072d000000|  0%| F|  |TAMS 0x000000072ce00000| PB 0x000000072ce00000| Untracked 
| 360|0x000000072d000000, 0x000000072d200000, 0x000000072d200000|100%| O|  |TAMS 0x000000072d000000| PB 0x000000072d000000| Untracked 
| 361|0x000000072d200000, 0x000000072d400000, 0x000000072d400000|100%| O|  |TAMS 0x000000072d200000| PB 0x000000072d200000| Untracked 
| 362|0x000000072d400000, 0x000000072d600000, 0x000000072d600000|100%| O|  |TAMS 0x000000072d400000| PB 0x000000072d400000| Untracked 
| 363|0x000000072d600000, 0x000000072d800000, 0x000000072d800000|100%| O|  |TAMS 0x000000072d600000| PB 0x000000072d600000| Untracked 
| 364|0x000000072d800000, 0x000000072da00000, 0x000000072da00000|100%| O|  |TAMS 0x000000072d800000| PB 0x000000072d800000| Untracked 
| 365|0x000000072da00000, 0x000000072da00000, 0x000000072dc00000|  0%| F|  |TAMS 0x000000072da00000| PB 0x000000072da00000| Untracked 
| 366|0x000000072dc00000, 0x000000072de00000, 0x000000072de00000|100%| O|  |TAMS 0x000000072dc00000| PB 0x000000072dc00000| Untracked 
| 367|0x000000072de00000, 0x000000072e000000, 0x000000072e000000|100%| O|  |TAMS 0x000000072de00000| PB 0x000000072de00000| Untracked 
| 368|0x000000072e000000, 0x000000072e200000, 0x000000072e200000|100%| O|  |TAMS 0x000000072e000000| PB 0x000000072e000000| Untracked 
| 369|0x000000072e200000, 0x000000072e400000, 0x000000072e400000|100%| O|  |TAMS 0x000000072e200000| PB 0x000000072e200000| Untracked 
| 370|0x000000072e400000, 0x000000072e600000, 0x000000072e600000|100%| O|  |TAMS 0x000000072e400000| PB 0x000000072e400000| Untracked 
| 371|0x000000072e600000, 0x000000072e800000, 0x000000072e800000|100%| O|  |TAMS 0x000000072e600000| PB 0x000000072e600000| Untracked 
| 372|0x000000072e800000, 0x000000072ea00000, 0x000000072ea00000|100%| O|  |TAMS 0x000000072e800000| PB 0x000000072e800000| Untracked 
| 373|0x000000072ea00000, 0x000000072ec00000, 0x000000072ec00000|100%| O|  |TAMS 0x000000072ea00000| PB 0x000000072ea00000| Untracked 
| 374|0x000000072ec00000, 0x000000072ec00000, 0x000000072ee00000|  0%| F|  |TAMS 0x000000072ec00000| PB 0x000000072ec00000| Untracked 
| 375|0x000000072ee00000, 0x000000072f000000, 0x000000072f000000|100%| O|  |TAMS 0x000000072ee00000| PB 0x000000072ee00000| Untracked 
| 376|0x000000072f000000, 0x000000072f000000, 0x000000072f200000|  0%| F|  |TAMS 0x000000072f000000| PB 0x000000072f000000| Untracked 
| 377|0x000000072f200000, 0x000000072f200000, 0x000000072f400000|  0%| F|  |TAMS 0x000000072f200000| PB 0x000000072f200000| Untracked 
| 378|0x000000072f400000, 0x000000072f600000, 0x000000072f600000|100%| O|  |TAMS 0x000000072f400000| PB 0x000000072f400000| Untracked 
| 379|0x000000072f600000, 0x000000072f600000, 0x000000072f800000|  0%| F|  |TAMS 0x000000072f600000| PB 0x000000072f600000| Untracked 
| 380|0x000000072f800000, 0x000000072fa00000, 0x000000072fa00000|100%| O|  |TAMS 0x000000072f800000| PB 0x000000072f800000| Untracked 
| 381|0x000000072fa00000, 0x000000072fc00000, 0x000000072fc00000|100%| O|  |TAMS 0x000000072fa00000| PB 0x000000072fa00000| Untracked 
| 382|0x000000072fc00000, 0x000000072fe00000, 0x000000072fe00000|100%| O|  |TAMS 0x000000072fc00000| PB 0x000000072fc00000| Untracked 
| 383|0x000000072fe00000, 0x000000072fe00000, 0x0000000730000000|  0%| F|  |TAMS 0x000000072fe00000| PB 0x000000072fe00000| Untracked 
| 384|0x0000000730000000, 0x0000000730000000, 0x0000000730200000|  0%| F|  |TAMS 0x0000000730000000| PB 0x0000000730000000| Untracked 
| 385|0x0000000730200000, 0x0000000730400000, 0x0000000730400000|100%| O|  |TAMS 0x0000000730200000| PB 0x0000000730200000| Untracked 
| 386|0x0000000730400000, 0x0000000730400000, 0x0000000730600000|  0%| F|  |TAMS 0x0000000730400000| PB 0x0000000730400000| Untracked 
| 387|0x0000000730600000, 0x0000000730800000, 0x0000000730800000|100%| O|  |TAMS 0x0000000730600000| PB 0x0000000730600000| Untracked 
| 388|0x0000000730800000, 0x0000000730800000, 0x0000000730a00000|  0%| F|  |TAMS 0x0000000730800000| PB 0x0000000730800000| Untracked 
| 389|0x0000000730a00000, 0x0000000730c00000, 0x0000000730c00000|100%| O|  |TAMS 0x0000000730a00000| PB 0x0000000730a00000| Untracked 
| 390|0x0000000730c00000, 0x0000000730e00000, 0x0000000730e00000|100%| O|  |TAMS 0x0000000730c00000| PB 0x0000000730c00000| Untracked 
| 391|0x0000000730e00000, 0x0000000731000000, 0x0000000731000000|100%| O|  |TAMS 0x0000000730e00000| PB 0x0000000730e00000| Untracked 
| 392|0x0000000731000000, 0x0000000731000000, 0x0000000731200000|  0%| F|  |TAMS 0x0000000731000000| PB 0x0000000731000000| Untracked 
| 393|0x0000000731200000, 0x0000000731400000, 0x0000000731400000|100%| O|  |TAMS 0x0000000731200000| PB 0x0000000731200000| Untracked 
| 394|0x0000000731400000, 0x0000000731400000, 0x0000000731600000|  0%| F|  |TAMS 0x0000000731400000| PB 0x0000000731400000| Untracked 
| 395|0x0000000731600000, 0x0000000731800000, 0x0000000731800000|100%| O|  |TAMS 0x0000000731600000| PB 0x0000000731600000| Untracked 
| 396|0x0000000731800000, 0x0000000731a00000, 0x0000000731a00000|100%| O|  |TAMS 0x0000000731800000| PB 0x0000000731800000| Untracked 
| 397|0x0000000731a00000, 0x0000000731a00000, 0x0000000731c00000|  0%| F|  |TAMS 0x0000000731a00000| PB 0x0000000731a00000| Untracked 
| 398|0x0000000731c00000, 0x0000000731c00000, 0x0000000731e00000|  0%| F|  |TAMS 0x0000000731c00000| PB 0x0000000731c00000| Untracked 
| 399|0x0000000731e00000, 0x0000000732000000, 0x0000000732000000|100%| O|  |TAMS 0x0000000731e00000| PB 0x0000000731e00000| Untracked 
| 400|0x0000000732000000, 0x0000000732200000, 0x0000000732200000|100%| O|  |TAMS 0x0000000732000000| PB 0x0000000732000000| Untracked 
| 401|0x0000000732200000, 0x0000000732400000, 0x0000000732400000|100%| O|  |TAMS 0x0000000732200000| PB 0x0000000732200000| Untracked 
| 402|0x0000000732400000, 0x0000000732600000, 0x0000000732600000|100%| O|  |TAMS 0x0000000732400000| PB 0x0000000732400000| Untracked 
| 403|0x0000000732600000, 0x0000000732800000, 0x0000000732800000|100%| O|  |TAMS 0x0000000732600000| PB 0x0000000732600000| Untracked 
| 404|0x0000000732800000, 0x0000000732a00000, 0x0000000732a00000|100%| O|  |TAMS 0x0000000732800000| PB 0x0000000732800000| Untracked 
| 405|0x0000000732a00000, 0x0000000732c00000, 0x0000000732c00000|100%| O|  |TAMS 0x0000000732a00000| PB 0x0000000732a00000| Untracked 
| 406|0x0000000732c00000, 0x0000000732e00000, 0x0000000732e00000|100%| O|  |TAMS 0x0000000732c00000| PB 0x0000000732c00000| Untracked 
| 407|0x0000000732e00000, 0x0000000733000000, 0x0000000733000000|100%| O|  |TAMS 0x0000000732e00000| PB 0x0000000732e00000| Untracked 
| 408|0x0000000733000000, 0x0000000733200000, 0x0000000733200000|100%| O|  |TAMS 0x0000000733000000| PB 0x0000000733000000| Untracked 
| 409|0x0000000733200000, 0x0000000733400000, 0x0000000733400000|100%| O|  |TAMS 0x0000000733200000| PB 0x0000000733200000| Untracked 
| 410|0x0000000733400000, 0x0000000733600000, 0x0000000733600000|100%| O|  |TAMS 0x0000000733400000| PB 0x0000000733400000| Untracked 
| 411|0x0000000733600000, 0x0000000733800000, 0x0000000733800000|100%| O|  |TAMS 0x0000000733600000| PB 0x0000000733600000| Untracked 
| 412|0x0000000733800000, 0x0000000733a00000, 0x0000000733a00000|100%| O|  |TAMS 0x0000000733800000| PB 0x0000000733800000| Untracked 
| 413|0x0000000733a00000, 0x0000000733c00000, 0x0000000733c00000|100%| O|  |TAMS 0x0000000733a00000| PB 0x0000000733a00000| Untracked 
| 414|0x0000000733c00000, 0x0000000733e00000, 0x0000000733e00000|100%| O|  |TAMS 0x0000000733c00000| PB 0x0000000733c00000| Untracked 
| 415|0x0000000733e00000, 0x0000000734000000, 0x0000000734000000|100%| O|  |TAMS 0x0000000733e00000| PB 0x0000000733e00000| Untracked 
| 416|0x0000000734000000, 0x0000000734200000, 0x0000000734200000|100%| O|  |TAMS 0x0000000734000000| PB 0x0000000734000000| Untracked 
| 417|0x0000000734200000, 0x0000000734400000, 0x0000000734400000|100%| O|  |TAMS 0x0000000734200000| PB 0x0000000734200000| Untracked 
| 418|0x0000000734400000, 0x0000000734600000, 0x0000000734600000|100%| O|  |TAMS 0x0000000734400000| PB 0x0000000734400000| Untracked 
| 419|0x0000000734600000, 0x0000000734800000, 0x0000000734800000|100%| O|  |TAMS 0x0000000734600000| PB 0x0000000734600000| Untracked 
| 420|0x0000000734800000, 0x0000000734a00000, 0x0000000734a00000|100%| O|  |TAMS 0x0000000734800000| PB 0x0000000734800000| Untracked 
| 421|0x0000000734a00000, 0x0000000734c00000, 0x0000000734c00000|100%| O|  |TAMS 0x0000000734a00000| PB 0x0000000734a00000| Untracked 
| 422|0x0000000734c00000, 0x0000000734e00000, 0x0000000734e00000|100%| O|  |TAMS 0x0000000734c00000| PB 0x0000000734c00000| Untracked 
| 423|0x0000000734e00000, 0x0000000735000000, 0x0000000735000000|100%| O|  |TAMS 0x0000000734e00000| PB 0x0000000734e00000| Untracked 
| 424|0x0000000735000000, 0x0000000735200000, 0x0000000735200000|100%| O|  |TAMS 0x0000000735000000| PB 0x0000000735000000| Untracked 
| 425|0x0000000735200000, 0x0000000735200000, 0x0000000735400000|  0%| F|  |TAMS 0x0000000735200000| PB 0x0000000735200000| Untracked 
| 426|0x0000000735400000, 0x0000000735600000, 0x0000000735600000|100%| O|  |TAMS 0x0000000735400000| PB 0x0000000735400000| Untracked 
| 427|0x0000000735600000, 0x0000000735800000, 0x0000000735800000|100%| O|  |TAMS 0x0000000735600000| PB 0x0000000735600000| Untracked 
| 428|0x0000000735800000, 0x0000000735a00000, 0x0000000735a00000|100%| O|  |TAMS 0x0000000735800000| PB 0x0000000735800000| Untracked 
| 429|0x0000000735a00000, 0x0000000735c00000, 0x0000000735c00000|100%| O|  |TAMS 0x0000000735a00000| PB 0x0000000735a00000| Untracked 
| 430|0x0000000735c00000, 0x0000000735e00000, 0x0000000735e00000|100%| O|  |TAMS 0x0000000735c00000| PB 0x0000000735c00000| Untracked 
| 431|0x0000000735e00000, 0x0000000736000000, 0x0000000736000000|100%| O|  |TAMS 0x0000000735e00000| PB 0x0000000735e00000| Untracked 
| 432|0x0000000736000000, 0x0000000736000000, 0x0000000736200000|  0%| F|  |TAMS 0x0000000736000000| PB 0x0000000736000000| Untracked 
| 433|0x0000000736200000, 0x0000000736200000, 0x0000000736400000|  0%| F|  |TAMS 0x0000000736200000| PB 0x0000000736200000| Untracked 
| 434|0x0000000736400000, 0x0000000736600000, 0x0000000736600000|100%| O|  |TAMS 0x0000000736400000| PB 0x0000000736400000| Untracked 
| 435|0x0000000736600000, 0x0000000736800000, 0x0000000736800000|100%| O|  |TAMS 0x0000000736600000| PB 0x0000000736600000| Untracked 
| 436|0x0000000736800000, 0x0000000736a00000, 0x0000000736a00000|100%| O|  |TAMS 0x0000000736800000| PB 0x0000000736800000| Untracked 
| 437|0x0000000736a00000, 0x0000000736c00000, 0x0000000736c00000|100%| O|  |TAMS 0x0000000736a00000| PB 0x0000000736a00000| Untracked 
| 438|0x0000000736c00000, 0x0000000736e00000, 0x0000000736e00000|100%| O|  |TAMS 0x0000000736c00000| PB 0x0000000736c00000| Untracked 
| 439|0x0000000736e00000, 0x0000000737000000, 0x0000000737000000|100%| O|  |TAMS 0x0000000736e00000| PB 0x0000000736e00000| Untracked 
| 440|0x0000000737000000, 0x0000000737200000, 0x0000000737200000|100%| O|  |TAMS 0x0000000737000000| PB 0x0000000737000000| Untracked 
| 441|0x0000000737200000, 0x0000000737400000, 0x0000000737400000|100%| O|  |TAMS 0x0000000737200000| PB 0x0000000737200000| Untracked 
| 442|0x0000000737400000, 0x0000000737600000, 0x0000000737600000|100%| O|  |TAMS 0x0000000737400000| PB 0x0000000737400000| Untracked 
| 443|0x0000000737600000, 0x0000000737800000, 0x0000000737800000|100%| O|  |TAMS 0x0000000737600000| PB 0x0000000737600000| Untracked 
| 444|0x0000000737800000, 0x0000000737a00000, 0x0000000737a00000|100%| O|  |TAMS 0x0000000737800000| PB 0x0000000737800000| Untracked 
| 445|0x0000000737a00000, 0x0000000737c00000, 0x0000000737c00000|100%| O|  |TAMS 0x0000000737a00000| PB 0x0000000737a00000| Untracked 
| 446|0x0000000737c00000, 0x0000000737e00000, 0x0000000737e00000|100%| O|  |TAMS 0x0000000737c00000| PB 0x0000000737c00000| Untracked 
| 447|0x0000000737e00000, 0x0000000738000000, 0x0000000738000000|100%| O|  |TAMS 0x0000000737e00000| PB 0x0000000737e00000| Untracked 
| 448|0x0000000738000000, 0x0000000738200000, 0x0000000738200000|100%| O|  |TAMS 0x0000000738000000| PB 0x0000000738000000| Untracked 
| 449|0x0000000738200000, 0x0000000738400000, 0x0000000738400000|100%| O|  |TAMS 0x0000000738200000| PB 0x0000000738200000| Untracked 
| 450|0x0000000738400000, 0x0000000738600000, 0x0000000738600000|100%| O|  |TAMS 0x0000000738400000| PB 0x0000000738400000| Untracked 
| 451|0x0000000738600000, 0x0000000738800000, 0x0000000738800000|100%| O|  |TAMS 0x0000000738600000| PB 0x0000000738600000| Untracked 
| 452|0x0000000738800000, 0x0000000738a00000, 0x0000000738a00000|100%| O|  |TAMS 0x0000000738800000| PB 0x0000000738800000| Untracked 
| 453|0x0000000738a00000, 0x0000000738c00000, 0x0000000738c00000|100%| O|  |TAMS 0x0000000738a00000| PB 0x0000000738a00000| Untracked 
| 454|0x0000000738c00000, 0x0000000738e00000, 0x0000000738e00000|100%| O|  |TAMS 0x0000000738c00000| PB 0x0000000738c00000| Untracked 
| 455|0x0000000738e00000, 0x0000000739000000, 0x0000000739000000|100%| O|  |TAMS 0x0000000738e00000| PB 0x0000000738e00000| Untracked 
| 456|0x0000000739000000, 0x0000000739200000, 0x0000000739200000|100%| O|  |TAMS 0x0000000739000000| PB 0x0000000739000000| Untracked 
| 457|0x0000000739200000, 0x0000000739200000, 0x0000000739400000|  0%| F|  |TAMS 0x0000000739200000| PB 0x0000000739200000| Untracked 
| 458|0x0000000739400000, 0x0000000739400000, 0x0000000739600000|  0%| F|  |TAMS 0x0000000739400000| PB 0x0000000739400000| Untracked 
| 459|0x0000000739600000, 0x0000000739600000, 0x0000000739800000|  0%| F|  |TAMS 0x0000000739600000| PB 0x0000000739600000| Untracked 
| 460|0x0000000739800000, 0x0000000739800000, 0x0000000739a00000|  0%| F|  |TAMS 0x0000000739800000| PB 0x0000000739800000| Untracked 
| 461|0x0000000739a00000, 0x0000000739a00000, 0x0000000739c00000|  0%| F|  |TAMS 0x0000000739a00000| PB 0x0000000739a00000| Untracked 
| 462|0x0000000739c00000, 0x0000000739c00000, 0x0000000739e00000|  0%| F|  |TAMS 0x0000000739c00000| PB 0x0000000739c00000| Untracked 
| 463|0x0000000739e00000, 0x000000073a000000, 0x000000073a000000|100%| O|  |TAMS 0x0000000739e00000| PB 0x0000000739e00000| Untracked 
| 464|0x000000073a000000, 0x000000073a200000, 0x000000073a200000|100%| O|  |TAMS 0x000000073a000000| PB 0x000000073a000000| Untracked 
| 465|0x000000073a200000, 0x000000073a400000, 0x000000073a400000|100%| O|  |TAMS 0x000000073a200000| PB 0x000000073a200000| Untracked 
| 466|0x000000073a400000, 0x000000073a600000, 0x000000073a600000|100%| S|CS|TAMS 0x000000073a400000| PB 0x000000073a400000| Complete 
| 467|0x000000073a600000, 0x000000073a800000, 0x000000073a800000|100%| S|CS|TAMS 0x000000073a600000| PB 0x000000073a600000| Complete 
| 468|0x000000073a800000, 0x000000073aa00000, 0x000000073aa00000|100%| S|CS|TAMS 0x000000073a800000| PB 0x000000073a800000| Complete 
| 469|0x000000073aa00000, 0x000000073ac00000, 0x000000073ac00000|100%| S|CS|TAMS 0x000000073aa00000| PB 0x000000073aa00000| Complete 
| 470|0x000000073ac00000, 0x000000073ae00000, 0x000000073ae00000|100%| S|CS|TAMS 0x000000073ac00000| PB 0x000000073ac00000| Complete 
| 471|0x000000073ae00000, 0x000000073b000000, 0x000000073b000000|100%| S|CS|TAMS 0x000000073ae00000| PB 0x000000073ae00000| Complete 
| 472|0x000000073b000000, 0x000000073b200000, 0x000000073b200000|100%| S|CS|TAMS 0x000000073b000000| PB 0x000000073b000000| Complete 
| 473|0x000000073b200000, 0x000000073b400000, 0x000000073b400000|100%| S|CS|TAMS 0x000000073b200000| PB 0x000000073b200000| Complete 
| 474|0x000000073b400000, 0x000000073b600000, 0x000000073b600000|100%| S|CS|TAMS 0x000000073b400000| PB 0x000000073b400000| Complete 
| 475|0x000000073b600000, 0x000000073b800000, 0x000000073b800000|100%| S|CS|TAMS 0x000000073b600000| PB 0x000000073b600000| Complete 
| 476|0x000000073b800000, 0x000000073ba00000, 0x000000073ba00000|100%| S|CS|TAMS 0x000000073b800000| PB 0x000000073b800000| Complete 
| 477|0x000000073ba00000, 0x000000073bc00000, 0x000000073bc00000|100%| S|CS|TAMS 0x000000073ba00000| PB 0x000000073ba00000| Complete 
| 478|0x000000073bc00000, 0x000000073bc00000, 0x000000073be00000|  0%| F|  |TAMS 0x000000073bc00000| PB 0x000000073bc00000| Untracked 
| 479|0x000000073be00000, 0x000000073be00000, 0x000000073c000000|  0%| F|  |TAMS 0x000000073be00000| PB 0x000000073be00000| Untracked 
| 480|0x000000073c000000, 0x000000073c000000, 0x000000073c200000|  0%| F|  |TAMS 0x000000073c000000| PB 0x000000073c000000| Untracked 
| 481|0x000000073c200000, 0x000000073c200000, 0x000000073c400000|  0%| F|  |TAMS 0x000000073c200000| PB 0x000000073c200000| Untracked 
| 482|0x000000073c400000, 0x000000073c400000, 0x000000073c600000|  0%| F|  |TAMS 0x000000073c400000| PB 0x000000073c400000| Untracked 
| 483|0x000000073c600000, 0x000000073c600000, 0x000000073c800000|  0%| F|  |TAMS 0x000000073c600000| PB 0x000000073c600000| Untracked 
| 484|0x000000073c800000, 0x000000073c800000, 0x000000073ca00000|  0%| F|  |TAMS 0x000000073c800000| PB 0x000000073c800000| Untracked 
| 485|0x000000073ca00000, 0x000000073ca00000, 0x000000073cc00000|  0%| F|  |TAMS 0x000000073ca00000| PB 0x000000073ca00000| Untracked 
| 486|0x000000073cc00000, 0x000000073cc00000, 0x000000073ce00000|  0%| F|  |TAMS 0x000000073cc00000| PB 0x000000073cc00000| Untracked 
| 487|0x000000073ce00000, 0x000000073ce00000, 0x000000073d000000|  0%| F|  |TAMS 0x000000073ce00000| PB 0x000000073ce00000| Untracked 
| 488|0x000000073d000000, 0x000000073d000000, 0x000000073d200000|  0%| F|  |TAMS 0x000000073d000000| PB 0x000000073d000000| Untracked 
| 489|0x000000073d200000, 0x000000073d200000, 0x000000073d400000|  0%| F|  |TAMS 0x000000073d200000| PB 0x000000073d200000| Untracked 
| 490|0x000000073d400000, 0x000000073d400000, 0x000000073d600000|  0%| F|  |TAMS 0x000000073d400000| PB 0x000000073d400000| Untracked 
| 491|0x000000073d600000, 0x000000073d600000, 0x000000073d800000|  0%| F|  |TAMS 0x000000073d600000| PB 0x000000073d600000| Untracked 
| 492|0x000000073d800000, 0x000000073d800000, 0x000000073da00000|  0%| F|  |TAMS 0x000000073d800000| PB 0x000000073d800000| Untracked 
| 493|0x000000073da00000, 0x000000073da00000, 0x000000073dc00000|  0%| F|  |TAMS 0x000000073da00000| PB 0x000000073da00000| Untracked 
| 494|0x000000073dc00000, 0x000000073dc00000, 0x000000073de00000|  0%| F|  |TAMS 0x000000073dc00000| PB 0x000000073dc00000| Untracked 
| 495|0x000000073de00000, 0x000000073de00000, 0x000000073e000000|  0%| F|  |TAMS 0x000000073de00000| PB 0x000000073de00000| Untracked 
| 496|0x000000073e000000, 0x000000073e000000, 0x000000073e200000|  0%| F|  |TAMS 0x000000073e000000| PB 0x000000073e000000| Untracked 
| 497|0x000000073e200000, 0x000000073e200000, 0x000000073e400000|  0%| F|  |TAMS 0x000000073e200000| PB 0x000000073e200000| Untracked 
| 498|0x000000073e400000, 0x000000073e400000, 0x000000073e600000|  0%| F|  |TAMS 0x000000073e400000| PB 0x000000073e400000| Untracked 
| 499|0x000000073e600000, 0x000000073e600000, 0x000000073e800000|  0%| F|  |TAMS 0x000000073e600000| PB 0x000000073e600000| Untracked 
| 500|0x000000073e800000, 0x000000073e800000, 0x000000073ea00000|  0%| F|  |TAMS 0x000000073e800000| PB 0x000000073e800000| Untracked 
| 501|0x000000073ea00000, 0x000000073ea00000, 0x000000073ec00000|  0%| F|  |TAMS 0x000000073ea00000| PB 0x000000073ea00000| Untracked 
| 502|0x000000073ec00000, 0x000000073ec00000, 0x000000073ee00000|  0%| F|  |TAMS 0x000000073ec00000| PB 0x000000073ec00000| Untracked 
| 503|0x000000073ee00000, 0x000000073ee00000, 0x000000073f000000|  0%| F|  |TAMS 0x000000073ee00000| PB 0x000000073ee00000| Untracked 
| 504|0x000000073f000000, 0x000000073f000000, 0x000000073f200000|  0%| F|  |TAMS 0x000000073f000000| PB 0x000000073f000000| Untracked 
| 505|0x000000073f200000, 0x000000073f200000, 0x000000073f400000|  0%| F|  |TAMS 0x000000073f200000| PB 0x000000073f200000| Untracked 
| 506|0x000000073f400000, 0x000000073f400000, 0x000000073f600000|  0%| F|  |TAMS 0x000000073f400000| PB 0x000000073f400000| Untracked 
| 507|0x000000073f600000, 0x000000073f600000, 0x000000073f800000|  0%| F|  |TAMS 0x000000073f600000| PB 0x000000073f600000| Untracked 
| 508|0x000000073f800000, 0x000000073f800000, 0x000000073fa00000|  0%| F|  |TAMS 0x000000073f800000| PB 0x000000073f800000| Untracked 
| 509|0x000000073fa00000, 0x000000073fa00000, 0x000000073fc00000|  0%| F|  |TAMS 0x000000073fa00000| PB 0x000000073fa00000| Untracked 
| 510|0x000000073fc00000, 0x000000073fc00000, 0x000000073fe00000|  0%| F|  |TAMS 0x000000073fc00000| PB 0x000000073fc00000| Untracked 
| 511|0x000000073fe00000, 0x000000073fe00000, 0x0000000740000000|  0%| F|  |TAMS 0x000000073fe00000| PB 0x000000073fe00000| Untracked 
| 512|0x0000000740000000, 0x0000000740000000, 0x0000000740200000|  0%| F|  |TAMS 0x0000000740000000| PB 0x0000000740000000| Untracked 
| 513|0x0000000740200000, 0x0000000740200000, 0x0000000740400000|  0%| F|  |TAMS 0x0000000740200000| PB 0x0000000740200000| Untracked 
| 514|0x0000000740400000, 0x0000000740400000, 0x0000000740600000|  0%| F|  |TAMS 0x0000000740400000| PB 0x0000000740400000| Untracked 
| 515|0x0000000740600000, 0x0000000740800000, 0x0000000740800000|100%| S|CS|TAMS 0x0000000740600000| PB 0x0000000740600000| Complete 
| 516|0x0000000740800000, 0x0000000740a00000, 0x0000000740a00000|100%| S|CS|TAMS 0x0000000740800000| PB 0x0000000740800000| Complete 
| 517|0x0000000740a00000, 0x0000000740c00000, 0x0000000740c00000|100%| S|CS|TAMS 0x0000000740a00000| PB 0x0000000740a00000| Complete 
| 518|0x0000000740c00000, 0x0000000740e00000, 0x0000000740e00000|100%| S|CS|TAMS 0x0000000740c00000| PB 0x0000000740c00000| Complete 
| 519|0x0000000740e00000, 0x0000000741000000, 0x0000000741000000|100%| S|CS|TAMS 0x0000000740e00000| PB 0x0000000740e00000| Complete 
| 520|0x0000000741000000, 0x0000000741200000, 0x0000000741200000|100%| S|CS|TAMS 0x0000000741000000| PB 0x0000000741000000| Complete 
| 521|0x0000000741200000, 0x0000000741400000, 0x0000000741400000|100%| S|CS|TAMS 0x0000000741200000| PB 0x0000000741200000| Complete 
| 522|0x0000000741400000, 0x0000000741600000, 0x0000000741600000|100%| S|CS|TAMS 0x0000000741400000| PB 0x0000000741400000| Complete 
| 523|0x0000000741600000, 0x0000000741800000, 0x0000000741800000|100%| S|CS|TAMS 0x0000000741600000| PB 0x0000000741600000| Complete 
| 524|0x0000000741800000, 0x0000000741a00000, 0x0000000741a00000|100%| S|CS|TAMS 0x0000000741800000| PB 0x0000000741800000| Complete 
| 525|0x0000000741a00000, 0x0000000741c00000, 0x0000000741c00000|100%| S|CS|TAMS 0x0000000741a00000| PB 0x0000000741a00000| Complete 
| 526|0x0000000741c00000, 0x0000000741e00000, 0x0000000741e00000|100%| S|CS|TAMS 0x0000000741c00000| PB 0x0000000741c00000| Complete 
| 527|0x0000000741e00000, 0x0000000741e00000, 0x0000000742000000|  0%| F|  |TAMS 0x0000000741e00000| PB 0x0000000741e00000| Untracked 
| 528|0x0000000742000000, 0x0000000742000000, 0x0000000742200000|  0%| F|  |TAMS 0x0000000742000000| PB 0x0000000742000000| Untracked 
| 529|0x0000000742200000, 0x0000000742200000, 0x0000000742400000|  0%| F|  |TAMS 0x0000000742200000| PB 0x0000000742200000| Untracked 
| 530|0x0000000742400000, 0x0000000742400000, 0x0000000742600000|  0%| F|  |TAMS 0x0000000742400000| PB 0x0000000742400000| Untracked 
| 531|0x0000000742600000, 0x0000000742600000, 0x0000000742800000|  0%| F|  |TAMS 0x0000000742600000| PB 0x0000000742600000| Untracked 
| 532|0x0000000742800000, 0x0000000742800000, 0x0000000742a00000|  0%| F|  |TAMS 0x0000000742800000| PB 0x0000000742800000| Untracked 
| 533|0x0000000742a00000, 0x0000000742a00000, 0x0000000742c00000|  0%| F|  |TAMS 0x0000000742a00000| PB 0x0000000742a00000| Untracked 
| 534|0x0000000742c00000, 0x0000000742c00000, 0x0000000742e00000|  0%| F|  |TAMS 0x0000000742c00000| PB 0x0000000742c00000| Untracked 
| 535|0x0000000742e00000, 0x0000000742e00000, 0x0000000743000000|  0%| F|  |TAMS 0x0000000742e00000| PB 0x0000000742e00000| Untracked 
| 536|0x0000000743000000, 0x0000000743000000, 0x0000000743200000|  0%| F|  |TAMS 0x0000000743000000| PB 0x0000000743000000| Untracked 
| 537|0x0000000743200000, 0x0000000743200000, 0x0000000743400000|  0%| F|  |TAMS 0x0000000743200000| PB 0x0000000743200000| Untracked 
| 538|0x0000000743400000, 0x0000000743400000, 0x0000000743600000|  0%| F|  |TAMS 0x0000000743400000| PB 0x0000000743400000| Untracked 
| 539|0x0000000743600000, 0x0000000743600000, 0x0000000743800000|  0%| F|  |TAMS 0x0000000743600000| PB 0x0000000743600000| Untracked 
| 540|0x0000000743800000, 0x0000000743800000, 0x0000000743a00000|  0%| F|  |TAMS 0x0000000743800000| PB 0x0000000743800000| Untracked 
| 541|0x0000000743a00000, 0x0000000743a00000, 0x0000000743c00000|  0%| F|  |TAMS 0x0000000743a00000| PB 0x0000000743a00000| Untracked 
| 542|0x0000000743c00000, 0x0000000743c00000, 0x0000000743e00000|  0%| F|  |TAMS 0x0000000743c00000| PB 0x0000000743c00000| Untracked 
| 543|0x0000000743e00000, 0x0000000743e00000, 0x0000000744000000|  0%| F|  |TAMS 0x0000000743e00000| PB 0x0000000743e00000| Untracked 
| 544|0x0000000744000000, 0x0000000744000000, 0x0000000744200000|  0%| F|  |TAMS 0x0000000744000000| PB 0x0000000744000000| Untracked 
| 545|0x0000000744200000, 0x0000000744200000, 0x0000000744400000|  0%| F|  |TAMS 0x0000000744200000| PB 0x0000000744200000| Untracked 
| 546|0x0000000744400000, 0x0000000744400000, 0x0000000744600000|  0%| F|  |TAMS 0x0000000744400000| PB 0x0000000744400000| Untracked 
| 547|0x0000000744600000, 0x0000000744600000, 0x0000000744800000|  0%| F|  |TAMS 0x0000000744600000| PB 0x0000000744600000| Untracked 
| 548|0x0000000744800000, 0x0000000744800000, 0x0000000744a00000|  0%| F|  |TAMS 0x0000000744800000| PB 0x0000000744800000| Untracked 
| 549|0x0000000744a00000, 0x0000000744a00000, 0x0000000744c00000|  0%| F|  |TAMS 0x0000000744a00000| PB 0x0000000744a00000| Untracked 
| 550|0x0000000744c00000, 0x0000000744c00000, 0x0000000744e00000|  0%| F|  |TAMS 0x0000000744c00000| PB 0x0000000744c00000| Untracked 
| 551|0x0000000744e00000, 0x0000000744e00000, 0x0000000745000000|  0%| F|  |TAMS 0x0000000744e00000| PB 0x0000000744e00000| Untracked 
| 552|0x0000000745000000, 0x0000000745000000, 0x0000000745200000|  0%| F|  |TAMS 0x0000000745000000| PB 0x0000000745000000| Untracked 
| 553|0x0000000745200000, 0x0000000745200000, 0x0000000745400000|  0%| F|  |TAMS 0x0000000745200000| PB 0x0000000745200000| Untracked 
| 554|0x0000000745400000, 0x0000000745400000, 0x0000000745600000|  0%| F|  |TAMS 0x0000000745400000| PB 0x0000000745400000| Untracked 
| 555|0x0000000745600000, 0x0000000745600000, 0x0000000745800000|  0%| F|  |TAMS 0x0000000745600000| PB 0x0000000745600000| Untracked 
| 556|0x0000000745800000, 0x0000000745800000, 0x0000000745a00000|  0%| F|  |TAMS 0x0000000745800000| PB 0x0000000745800000| Untracked 
| 557|0x0000000745a00000, 0x0000000745a00000, 0x0000000745c00000|  0%| F|  |TAMS 0x0000000745a00000| PB 0x0000000745a00000| Untracked 
| 558|0x0000000745c00000, 0x0000000745c00000, 0x0000000745e00000|  0%| F|  |TAMS 0x0000000745c00000| PB 0x0000000745c00000| Untracked 
| 559|0x0000000745e00000, 0x0000000745e00000, 0x0000000746000000|  0%| F|  |TAMS 0x0000000745e00000| PB 0x0000000745e00000| Untracked 
| 560|0x0000000746000000, 0x0000000746000000, 0x0000000746200000|  0%| F|  |TAMS 0x0000000746000000| PB 0x0000000746000000| Untracked 
| 561|0x0000000746200000, 0x0000000746200000, 0x0000000746400000|  0%| F|  |TAMS 0x0000000746200000| PB 0x0000000746200000| Untracked 
| 562|0x0000000746400000, 0x0000000746400000, 0x0000000746600000|  0%| F|  |TAMS 0x0000000746400000| PB 0x0000000746400000| Untracked 
| 563|0x0000000746600000, 0x0000000746600000, 0x0000000746800000|  0%| F|  |TAMS 0x0000000746600000| PB 0x0000000746600000| Untracked 
| 564|0x0000000746800000, 0x0000000746800000, 0x0000000746a00000|  0%| F|  |TAMS 0x0000000746800000| PB 0x0000000746800000| Untracked 
| 565|0x0000000746a00000, 0x0000000746a00000, 0x0000000746c00000|  0%| F|  |TAMS 0x0000000746a00000| PB 0x0000000746a00000| Untracked 
| 566|0x0000000746c00000, 0x0000000746c00000, 0x0000000746e00000|  0%| F|  |TAMS 0x0000000746c00000| PB 0x0000000746c00000| Untracked 
| 567|0x0000000746e00000, 0x0000000746e00000, 0x0000000747000000|  0%| F|  |TAMS 0x0000000746e00000| PB 0x0000000746e00000| Untracked 
| 568|0x0000000747000000, 0x0000000747000000, 0x0000000747200000|  0%| F|  |TAMS 0x0000000747000000| PB 0x0000000747000000| Untracked 
| 569|0x0000000747200000, 0x0000000747200000, 0x0000000747400000|  0%| F|  |TAMS 0x0000000747200000| PB 0x0000000747200000| Untracked 
| 570|0x0000000747400000, 0x0000000747400000, 0x0000000747600000|  0%| F|  |TAMS 0x0000000747400000| PB 0x0000000747400000| Untracked 
| 571|0x0000000747600000, 0x0000000747600000, 0x0000000747800000|  0%| F|  |TAMS 0x0000000747600000| PB 0x0000000747600000| Untracked 
| 572|0x0000000747800000, 0x0000000747800000, 0x0000000747a00000|  0%| F|  |TAMS 0x0000000747800000| PB 0x0000000747800000| Untracked 
| 573|0x0000000747a00000, 0x0000000747a00000, 0x0000000747c00000|  0%| F|  |TAMS 0x0000000747a00000| PB 0x0000000747a00000| Untracked 
| 574|0x0000000747c00000, 0x0000000747c00000, 0x0000000747e00000|  0%| F|  |TAMS 0x0000000747c00000| PB 0x0000000747c00000| Untracked 
| 575|0x0000000747e00000, 0x0000000747e00000, 0x0000000748000000|  0%| F|  |TAMS 0x0000000747e00000| PB 0x0000000747e00000| Untracked 
| 576|0x0000000748000000, 0x0000000748000000, 0x0000000748200000|  0%| F|  |TAMS 0x0000000748000000| PB 0x0000000748000000| Untracked 
| 577|0x0000000748200000, 0x0000000748200000, 0x0000000748400000|  0%| F|  |TAMS 0x0000000748200000| PB 0x0000000748200000| Untracked 
| 578|0x0000000748400000, 0x0000000748400000, 0x0000000748600000|  0%| F|  |TAMS 0x0000000748400000| PB 0x0000000748400000| Untracked 
| 579|0x0000000748600000, 0x0000000748600000, 0x0000000748800000|  0%| F|  |TAMS 0x0000000748600000| PB 0x0000000748600000| Untracked 
| 580|0x0000000748800000, 0x0000000748800000, 0x0000000748a00000|  0%| F|  |TAMS 0x0000000748800000| PB 0x0000000748800000| Untracked 
| 581|0x0000000748a00000, 0x0000000748a00000, 0x0000000748c00000|  0%| F|  |TAMS 0x0000000748a00000| PB 0x0000000748a00000| Untracked 
| 582|0x0000000748c00000, 0x0000000748c00000, 0x0000000748e00000|  0%| F|  |TAMS 0x0000000748c00000| PB 0x0000000748c00000| Untracked 
| 583|0x0000000748e00000, 0x0000000748e00000, 0x0000000749000000|  0%| F|  |TAMS 0x0000000748e00000| PB 0x0000000748e00000| Untracked 
| 584|0x0000000749000000, 0x0000000749000000, 0x0000000749200000|  0%| F|  |TAMS 0x0000000749000000| PB 0x0000000749000000| Untracked 
| 585|0x0000000749200000, 0x0000000749200000, 0x0000000749400000|  0%| F|  |TAMS 0x0000000749200000| PB 0x0000000749200000| Untracked 
| 586|0x0000000749400000, 0x0000000749400000, 0x0000000749600000|  0%| F|  |TAMS 0x0000000749400000| PB 0x0000000749400000| Untracked 
| 587|0x0000000749600000, 0x0000000749600000, 0x0000000749800000|  0%| F|  |TAMS 0x0000000749600000| PB 0x0000000749600000| Untracked 
| 588|0x0000000749800000, 0x0000000749800000, 0x0000000749a00000|  0%| F|  |TAMS 0x0000000749800000| PB 0x0000000749800000| Untracked 
| 589|0x0000000749a00000, 0x0000000749a00000, 0x0000000749c00000|  0%| F|  |TAMS 0x0000000749a00000| PB 0x0000000749a00000| Untracked 
| 590|0x0000000749c00000, 0x0000000749c00000, 0x0000000749e00000|  0%| F|  |TAMS 0x0000000749c00000| PB 0x0000000749c00000| Untracked 
| 591|0x0000000749e00000, 0x0000000749e00000, 0x000000074a000000|  0%| F|  |TAMS 0x0000000749e00000| PB 0x0000000749e00000| Untracked 
| 592|0x000000074a000000, 0x000000074a000000, 0x000000074a200000|  0%| F|  |TAMS 0x000000074a000000| PB 0x000000074a000000| Untracked 
| 593|0x000000074a200000, 0x000000074a200000, 0x000000074a400000|  0%| F|  |TAMS 0x000000074a200000| PB 0x000000074a200000| Untracked 
| 594|0x000000074a400000, 0x000000074a400000, 0x000000074a600000|  0%| F|  |TAMS 0x000000074a400000| PB 0x000000074a400000| Untracked 
| 595|0x000000074a600000, 0x000000074a600000, 0x000000074a800000|  0%| F|  |TAMS 0x000000074a600000| PB 0x000000074a600000| Untracked 
| 596|0x000000074a800000, 0x000000074a800000, 0x000000074aa00000|  0%| F|  |TAMS 0x000000074a800000| PB 0x000000074a800000| Untracked 
| 597|0x000000074aa00000, 0x000000074aa00000, 0x000000074ac00000|  0%| F|  |TAMS 0x000000074aa00000| PB 0x000000074aa00000| Untracked 
| 598|0x000000074ac00000, 0x000000074ac00000, 0x000000074ae00000|  0%| F|  |TAMS 0x000000074ac00000| PB 0x000000074ac00000| Untracked 
| 599|0x000000074ae00000, 0x000000074ae00000, 0x000000074b000000|  0%| F|  |TAMS 0x000000074ae00000| PB 0x000000074ae00000| Untracked 
| 600|0x000000074b000000, 0x000000074b000000, 0x000000074b200000|  0%| F|  |TAMS 0x000000074b000000| PB 0x000000074b000000| Untracked 
| 601|0x000000074b200000, 0x000000074b200000, 0x000000074b400000|  0%| F|  |TAMS 0x000000074b200000| PB 0x000000074b200000| Untracked 
| 602|0x000000074b400000, 0x000000074b400000, 0x000000074b600000|  0%| F|  |TAMS 0x000000074b400000| PB 0x000000074b400000| Untracked 
| 603|0x000000074b600000, 0x000000074b600000, 0x000000074b800000|  0%| F|  |TAMS 0x000000074b600000| PB 0x000000074b600000| Untracked 
| 604|0x000000074b800000, 0x000000074b800000, 0x000000074ba00000|  0%| F|  |TAMS 0x000000074b800000| PB 0x000000074b800000| Untracked 
| 605|0x000000074ba00000, 0x000000074ba00000, 0x000000074bc00000|  0%| F|  |TAMS 0x000000074ba00000| PB 0x000000074ba00000| Untracked 
| 606|0x000000074bc00000, 0x000000074bc00000, 0x000000074be00000|  0%| F|  |TAMS 0x000000074bc00000| PB 0x000000074bc00000| Untracked 
| 607|0x000000074be00000, 0x000000074be00000, 0x000000074c000000|  0%| F|  |TAMS 0x000000074be00000| PB 0x000000074be00000| Untracked 
| 608|0x000000074c000000, 0x000000074c000000, 0x000000074c200000|  0%| F|  |TAMS 0x000000074c000000| PB 0x000000074c000000| Untracked 
| 609|0x000000074c200000, 0x000000074c200000, 0x000000074c400000|  0%| F|  |TAMS 0x000000074c200000| PB 0x000000074c200000| Untracked 
| 610|0x000000074c400000, 0x000000074c400000, 0x000000074c600000|  0%| F|  |TAMS 0x000000074c400000| PB 0x000000074c400000| Untracked 
| 611|0x000000074c600000, 0x000000074c600000, 0x000000074c800000|  0%| F|  |TAMS 0x000000074c600000| PB 0x000000074c600000| Untracked 
| 612|0x000000074c800000, 0x000000074c800000, 0x000000074ca00000|  0%| F|  |TAMS 0x000000074c800000| PB 0x000000074c800000| Untracked 
| 613|0x000000074ca00000, 0x000000074ca00000, 0x000000074cc00000|  0%| F|  |TAMS 0x000000074ca00000| PB 0x000000074ca00000| Untracked 
| 614|0x000000074cc00000, 0x000000074cc00000, 0x000000074ce00000|  0%| F|  |TAMS 0x000000074cc00000| PB 0x000000074cc00000| Untracked 
| 615|0x000000074ce00000, 0x000000074ce00000, 0x000000074d000000|  0%| F|  |TAMS 0x000000074ce00000| PB 0x000000074ce00000| Untracked 
| 616|0x000000074d000000, 0x000000074d000000, 0x000000074d200000|  0%| F|  |TAMS 0x000000074d000000| PB 0x000000074d000000| Untracked 
| 617|0x000000074d200000, 0x000000074d200000, 0x000000074d400000|  0%| F|  |TAMS 0x000000074d200000| PB 0x000000074d200000| Untracked 
| 618|0x000000074d400000, 0x000000074d400000, 0x000000074d600000|  0%| F|  |TAMS 0x000000074d400000| PB 0x000000074d400000| Untracked 
| 619|0x000000074d600000, 0x000000074d600000, 0x000000074d800000|  0%| F|  |TAMS 0x000000074d600000| PB 0x000000074d600000| Untracked 
| 620|0x000000074d800000, 0x000000074d800000, 0x000000074da00000|  0%| F|  |TAMS 0x000000074d800000| PB 0x000000074d800000| Untracked 
| 621|0x000000074da00000, 0x000000074da00000, 0x000000074dc00000|  0%| F|  |TAMS 0x000000074da00000| PB 0x000000074da00000| Untracked 
| 622|0x000000074dc00000, 0x000000074dc00000, 0x000000074de00000|  0%| F|  |TAMS 0x000000074dc00000| PB 0x000000074dc00000| Untracked 
| 623|0x000000074de00000, 0x000000074de00000, 0x000000074e000000|  0%| F|  |TAMS 0x000000074de00000| PB 0x000000074de00000| Untracked 
| 624|0x000000074e000000, 0x000000074e000000, 0x000000074e200000|  0%| F|  |TAMS 0x000000074e000000| PB 0x000000074e000000| Untracked 
| 625|0x000000074e200000, 0x000000074e200000, 0x000000074e400000|  0%| F|  |TAMS 0x000000074e200000| PB 0x000000074e200000| Untracked 
| 626|0x000000074e400000, 0x000000074e400000, 0x000000074e600000|  0%| F|  |TAMS 0x000000074e400000| PB 0x000000074e400000| Untracked 
| 627|0x000000074e600000, 0x000000074e600000, 0x000000074e800000|  0%| F|  |TAMS 0x000000074e600000| PB 0x000000074e600000| Untracked 
| 628|0x000000074e800000, 0x000000074e800000, 0x000000074ea00000|  0%| F|  |TAMS 0x000000074e800000| PB 0x000000074e800000| Untracked 
| 629|0x000000074ea00000, 0x000000074ea00000, 0x000000074ec00000|  0%| F|  |TAMS 0x000000074ea00000| PB 0x000000074ea00000| Untracked 
| 630|0x000000074ec00000, 0x000000074ec00000, 0x000000074ee00000|  0%| F|  |TAMS 0x000000074ec00000| PB 0x000000074ec00000| Untracked 
| 631|0x000000074ee00000, 0x000000074ee00000, 0x000000074f000000|  0%| F|  |TAMS 0x000000074ee00000| PB 0x000000074ee00000| Untracked 
| 632|0x000000074f000000, 0x000000074f000000, 0x000000074f200000|  0%| F|  |TAMS 0x000000074f000000| PB 0x000000074f000000| Untracked 
| 633|0x000000074f200000, 0x000000074f200000, 0x000000074f400000|  0%| F|  |TAMS 0x000000074f200000| PB 0x000000074f200000| Untracked 
| 634|0x000000074f400000, 0x000000074f400000, 0x000000074f600000|  0%| F|  |TAMS 0x000000074f400000| PB 0x000000074f400000| Untracked 
| 635|0x000000074f600000, 0x000000074f600000, 0x000000074f800000|  0%| F|  |TAMS 0x000000074f600000| PB 0x000000074f600000| Untracked 
| 636|0x000000074f800000, 0x000000074f800000, 0x000000074fa00000|  0%| F|  |TAMS 0x000000074f800000| PB 0x000000074f800000| Untracked 
| 637|0x000000074fa00000, 0x000000074fa00000, 0x000000074fc00000|  0%| F|  |TAMS 0x000000074fa00000| PB 0x000000074fa00000| Untracked 
| 638|0x000000074fc00000, 0x000000074fc00000, 0x000000074fe00000|  0%| F|  |TAMS 0x000000074fc00000| PB 0x000000074fc00000| Untracked 
| 639|0x000000074fe00000, 0x000000074fe00000, 0x0000000750000000|  0%| F|  |TAMS 0x000000074fe00000| PB 0x000000074fe00000| Untracked 
| 640|0x0000000750000000, 0x0000000750000000, 0x0000000750200000|  0%| F|  |TAMS 0x0000000750000000| PB 0x0000000750000000| Untracked 
| 641|0x0000000750200000, 0x0000000750200000, 0x0000000750400000|  0%| F|  |TAMS 0x0000000750200000| PB 0x0000000750200000| Untracked 
| 642|0x0000000750400000, 0x0000000750400000, 0x0000000750600000|  0%| F|  |TAMS 0x0000000750400000| PB 0x0000000750400000| Untracked 
| 643|0x0000000750600000, 0x0000000750600000, 0x0000000750800000|  0%| F|  |TAMS 0x0000000750600000| PB 0x0000000750600000| Untracked 
| 644|0x0000000750800000, 0x0000000750800000, 0x0000000750a00000|  0%| F|  |TAMS 0x0000000750800000| PB 0x0000000750800000| Untracked 
| 645|0x0000000750a00000, 0x0000000750a00000, 0x0000000750c00000|  0%| F|  |TAMS 0x0000000750a00000| PB 0x0000000750a00000| Untracked 
| 646|0x0000000750c00000, 0x0000000750c00000, 0x0000000750e00000|  0%| F|  |TAMS 0x0000000750c00000| PB 0x0000000750c00000| Untracked 
| 647|0x0000000750e00000, 0x0000000750e00000, 0x0000000751000000|  0%| F|  |TAMS 0x0000000750e00000| PB 0x0000000750e00000| Untracked 
| 648|0x0000000751000000, 0x0000000751000000, 0x0000000751200000|  0%| F|  |TAMS 0x0000000751000000| PB 0x0000000751000000| Untracked 
| 649|0x0000000751200000, 0x0000000751200000, 0x0000000751400000|  0%| F|  |TAMS 0x0000000751200000| PB 0x0000000751200000| Untracked 
| 650|0x0000000751400000, 0x0000000751400000, 0x0000000751600000|  0%| F|  |TAMS 0x0000000751400000| PB 0x0000000751400000| Untracked 
| 651|0x0000000751600000, 0x0000000751600000, 0x0000000751800000|  0%| F|  |TAMS 0x0000000751600000| PB 0x0000000751600000| Untracked 
| 652|0x0000000751800000, 0x0000000751800000, 0x0000000751a00000|  0%| F|  |TAMS 0x0000000751800000| PB 0x0000000751800000| Untracked 
| 653|0x0000000751a00000, 0x0000000751a00000, 0x0000000751c00000|  0%| F|  |TAMS 0x0000000751a00000| PB 0x0000000751a00000| Untracked 
| 654|0x0000000751c00000, 0x0000000751c00000, 0x0000000751e00000|  0%| F|  |TAMS 0x0000000751c00000| PB 0x0000000751c00000| Untracked 
| 655|0x0000000751e00000, 0x0000000751e00000, 0x0000000752000000|  0%| F|  |TAMS 0x0000000751e00000| PB 0x0000000751e00000| Untracked 
| 656|0x0000000752000000, 0x0000000752000000, 0x0000000752200000|  0%| F|  |TAMS 0x0000000752000000| PB 0x0000000752000000| Untracked 
| 657|0x0000000752200000, 0x0000000752200000, 0x0000000752400000|  0%| F|  |TAMS 0x0000000752200000| PB 0x0000000752200000| Untracked 
| 658|0x0000000752400000, 0x0000000752400000, 0x0000000752600000|  0%| F|  |TAMS 0x0000000752400000| PB 0x0000000752400000| Untracked 
| 659|0x0000000752600000, 0x0000000752600000, 0x0000000752800000|  0%| F|  |TAMS 0x0000000752600000| PB 0x0000000752600000| Untracked 
| 660|0x0000000752800000, 0x0000000752800000, 0x0000000752a00000|  0%| F|  |TAMS 0x0000000752800000| PB 0x0000000752800000| Untracked 
| 661|0x0000000752a00000, 0x0000000752a00000, 0x0000000752c00000|  0%| F|  |TAMS 0x0000000752a00000| PB 0x0000000752a00000| Untracked 
| 662|0x0000000752c00000, 0x0000000752c00000, 0x0000000752e00000|  0%| F|  |TAMS 0x0000000752c00000| PB 0x0000000752c00000| Untracked 
| 663|0x0000000752e00000, 0x0000000752e00000, 0x0000000753000000|  0%| F|  |TAMS 0x0000000752e00000| PB 0x0000000752e00000| Untracked 
| 664|0x0000000753000000, 0x0000000753000000, 0x0000000753200000|  0%| F|  |TAMS 0x0000000753000000| PB 0x0000000753000000| Untracked 
| 665|0x0000000753200000, 0x0000000753200000, 0x0000000753400000|  0%| F|  |TAMS 0x0000000753200000| PB 0x0000000753200000| Untracked 
| 666|0x0000000753400000, 0x0000000753400000, 0x0000000753600000|  0%| F|  |TAMS 0x0000000753400000| PB 0x0000000753400000| Untracked 
| 667|0x0000000753600000, 0x0000000753600000, 0x0000000753800000|  0%| F|  |TAMS 0x0000000753600000| PB 0x0000000753600000| Untracked 
| 668|0x0000000753800000, 0x0000000753800000, 0x0000000753a00000|  0%| F|  |TAMS 0x0000000753800000| PB 0x0000000753800000| Untracked 
| 669|0x0000000753a00000, 0x0000000753a00000, 0x0000000753c00000|  0%| F|  |TAMS 0x0000000753a00000| PB 0x0000000753a00000| Untracked 
| 670|0x0000000753c00000, 0x0000000753c00000, 0x0000000753e00000|  0%| F|  |TAMS 0x0000000753c00000| PB 0x0000000753c00000| Untracked 
| 671|0x0000000753e00000, 0x0000000753e00000, 0x0000000754000000|  0%| F|  |TAMS 0x0000000753e00000| PB 0x0000000753e00000| Untracked 
| 672|0x0000000754000000, 0x0000000754000000, 0x0000000754200000|  0%| F|  |TAMS 0x0000000754000000| PB 0x0000000754000000| Untracked 
| 673|0x0000000754200000, 0x0000000754200000, 0x0000000754400000|  0%| F|  |TAMS 0x0000000754200000| PB 0x0000000754200000| Untracked 
| 674|0x0000000754400000, 0x0000000754400000, 0x0000000754600000|  0%| F|  |TAMS 0x0000000754400000| PB 0x0000000754400000| Untracked 
| 675|0x0000000754600000, 0x0000000754600000, 0x0000000754800000|  0%| F|  |TAMS 0x0000000754600000| PB 0x0000000754600000| Untracked 
| 676|0x0000000754800000, 0x0000000754800000, 0x0000000754a00000|  0%| F|  |TAMS 0x0000000754800000| PB 0x0000000754800000| Untracked 
| 677|0x0000000754a00000, 0x0000000754a00000, 0x0000000754c00000|  0%| F|  |TAMS 0x0000000754a00000| PB 0x0000000754a00000| Untracked 
| 678|0x0000000754c00000, 0x0000000754c00000, 0x0000000754e00000|  0%| F|  |TAMS 0x0000000754c00000| PB 0x0000000754c00000| Untracked 
| 679|0x0000000754e00000, 0x0000000754e00000, 0x0000000755000000|  0%| F|  |TAMS 0x0000000754e00000| PB 0x0000000754e00000| Untracked 
| 680|0x0000000755000000, 0x0000000755000000, 0x0000000755200000|  0%| F|  |TAMS 0x0000000755000000| PB 0x0000000755000000| Untracked 
| 681|0x0000000755200000, 0x0000000755200000, 0x0000000755400000|  0%| F|  |TAMS 0x0000000755200000| PB 0x0000000755200000| Untracked 
| 682|0x0000000755400000, 0x0000000755400000, 0x0000000755600000|  0%| F|  |TAMS 0x0000000755400000| PB 0x0000000755400000| Untracked 
| 683|0x0000000755600000, 0x0000000755600000, 0x0000000755800000|  0%| F|  |TAMS 0x0000000755600000| PB 0x0000000755600000| Untracked 
| 684|0x0000000755800000, 0x0000000755800000, 0x0000000755a00000|  0%| F|  |TAMS 0x0000000755800000| PB 0x0000000755800000| Untracked 
| 685|0x0000000755a00000, 0x0000000755a00000, 0x0000000755c00000|  0%| F|  |TAMS 0x0000000755a00000| PB 0x0000000755a00000| Untracked 
| 686|0x0000000755c00000, 0x0000000755c00000, 0x0000000755e00000|  0%| F|  |TAMS 0x0000000755c00000| PB 0x0000000755c00000| Untracked 
| 687|0x0000000755e00000, 0x0000000755e00000, 0x0000000756000000|  0%| F|  |TAMS 0x0000000755e00000| PB 0x0000000755e00000| Untracked 
| 688|0x0000000756000000, 0x0000000756000000, 0x0000000756200000|  0%| F|  |TAMS 0x0000000756000000| PB 0x0000000756000000| Untracked 
| 689|0x0000000756200000, 0x0000000756200000, 0x0000000756400000|  0%| F|  |TAMS 0x0000000756200000| PB 0x0000000756200000| Untracked 
| 690|0x0000000756400000, 0x0000000756400000, 0x0000000756600000|  0%| F|  |TAMS 0x0000000756400000| PB 0x0000000756400000| Untracked 
| 691|0x0000000756600000, 0x0000000756600000, 0x0000000756800000|  0%| F|  |TAMS 0x0000000756600000| PB 0x0000000756600000| Untracked 
| 692|0x0000000756800000, 0x0000000756800000, 0x0000000756a00000|  0%| F|  |TAMS 0x0000000756800000| PB 0x0000000756800000| Untracked 
| 693|0x0000000756a00000, 0x0000000756a00000, 0x0000000756c00000|  0%| F|  |TAMS 0x0000000756a00000| PB 0x0000000756a00000| Untracked 
| 694|0x0000000756c00000, 0x0000000756c00000, 0x0000000756e00000|  0%| F|  |TAMS 0x0000000756c00000| PB 0x0000000756c00000| Untracked 
| 695|0x0000000756e00000, 0x0000000756e00000, 0x0000000757000000|  0%| F|  |TAMS 0x0000000756e00000| PB 0x0000000756e00000| Untracked 
| 696|0x0000000757000000, 0x0000000757000000, 0x0000000757200000|  0%| F|  |TAMS 0x0000000757000000| PB 0x0000000757000000| Untracked 
| 697|0x0000000757200000, 0x0000000757200000, 0x0000000757400000|  0%| F|  |TAMS 0x0000000757200000| PB 0x0000000757200000| Untracked 
| 698|0x0000000757400000, 0x0000000757400000, 0x0000000757600000|  0%| F|  |TAMS 0x0000000757400000| PB 0x0000000757400000| Untracked 
| 699|0x0000000757600000, 0x0000000757600000, 0x0000000757800000|  0%| F|  |TAMS 0x0000000757600000| PB 0x0000000757600000| Untracked 
| 700|0x0000000757800000, 0x0000000757800000, 0x0000000757a00000|  0%| F|  |TAMS 0x0000000757800000| PB 0x0000000757800000| Untracked 
| 701|0x0000000757a00000, 0x0000000757a00000, 0x0000000757c00000|  0%| F|  |TAMS 0x0000000757a00000| PB 0x0000000757a00000| Untracked 
| 702|0x0000000757c00000, 0x0000000757c00000, 0x0000000757e00000|  0%| F|  |TAMS 0x0000000757c00000| PB 0x0000000757c00000| Untracked 
| 703|0x0000000757e00000, 0x0000000757e00000, 0x0000000758000000|  0%| F|  |TAMS 0x0000000757e00000| PB 0x0000000757e00000| Untracked 
| 704|0x0000000758000000, 0x0000000758000000, 0x0000000758200000|  0%| F|  |TAMS 0x0000000758000000| PB 0x0000000758000000| Untracked 
| 705|0x0000000758200000, 0x0000000758200000, 0x0000000758400000|  0%| F|  |TAMS 0x0000000758200000| PB 0x0000000758200000| Untracked 
| 706|0x0000000758400000, 0x0000000758400000, 0x0000000758600000|  0%| F|  |TAMS 0x0000000758400000| PB 0x0000000758400000| Untracked 
| 707|0x0000000758600000, 0x0000000758600000, 0x0000000758800000|  0%| F|  |TAMS 0x0000000758600000| PB 0x0000000758600000| Untracked 
| 708|0x0000000758800000, 0x0000000758800000, 0x0000000758a00000|  0%| F|  |TAMS 0x0000000758800000| PB 0x0000000758800000| Untracked 
| 709|0x0000000758a00000, 0x0000000758a00000, 0x0000000758c00000|  0%| F|  |TAMS 0x0000000758a00000| PB 0x0000000758a00000| Untracked 
| 710|0x0000000758c00000, 0x0000000758c00000, 0x0000000758e00000|  0%| F|  |TAMS 0x0000000758c00000| PB 0x0000000758c00000| Untracked 
| 711|0x0000000758e00000, 0x0000000758e00000, 0x0000000759000000|  0%| F|  |TAMS 0x0000000758e00000| PB 0x0000000758e00000| Untracked 
| 712|0x0000000759000000, 0x0000000759000000, 0x0000000759200000|  0%| F|  |TAMS 0x0000000759000000| PB 0x0000000759000000| Untracked 
| 713|0x0000000759200000, 0x0000000759200000, 0x0000000759400000|  0%| F|  |TAMS 0x0000000759200000| PB 0x0000000759200000| Untracked 
| 714|0x0000000759400000, 0x0000000759400000, 0x0000000759600000|  0%| F|  |TAMS 0x0000000759400000| PB 0x0000000759400000| Untracked 
| 715|0x0000000759600000, 0x0000000759600000, 0x0000000759800000|  0%| F|  |TAMS 0x0000000759600000| PB 0x0000000759600000| Untracked 
| 716|0x0000000759800000, 0x0000000759800000, 0x0000000759a00000|  0%| F|  |TAMS 0x0000000759800000| PB 0x0000000759800000| Untracked 
| 717|0x0000000759a00000, 0x0000000759a00000, 0x0000000759c00000|  0%| F|  |TAMS 0x0000000759a00000| PB 0x0000000759a00000| Untracked 
| 718|0x0000000759c00000, 0x0000000759c00000, 0x0000000759e00000|  0%| F|  |TAMS 0x0000000759c00000| PB 0x0000000759c00000| Untracked 
| 719|0x0000000759e00000, 0x0000000759e00000, 0x000000075a000000|  0%| F|  |TAMS 0x0000000759e00000| PB 0x0000000759e00000| Untracked 
| 720|0x000000075a000000, 0x000000075a000000, 0x000000075a200000|  0%| F|  |TAMS 0x000000075a000000| PB 0x000000075a000000| Untracked 
| 721|0x000000075a200000, 0x000000075a200000, 0x000000075a400000|  0%| F|  |TAMS 0x000000075a200000| PB 0x000000075a200000| Untracked 
| 722|0x000000075a400000, 0x000000075a400000, 0x000000075a600000|  0%| F|  |TAMS 0x000000075a400000| PB 0x000000075a400000| Untracked 
| 723|0x000000075a600000, 0x000000075a600000, 0x000000075a800000|  0%| F|  |TAMS 0x000000075a600000| PB 0x000000075a600000| Untracked 
| 724|0x000000075a800000, 0x000000075a800000, 0x000000075aa00000|  0%| F|  |TAMS 0x000000075a800000| PB 0x000000075a800000| Untracked 
| 725|0x000000075aa00000, 0x000000075aa00000, 0x000000075ac00000|  0%| F|  |TAMS 0x000000075aa00000| PB 0x000000075aa00000| Untracked 
| 726|0x000000075ac00000, 0x000000075ac00000, 0x000000075ae00000|  0%| F|  |TAMS 0x000000075ac00000| PB 0x000000075ac00000| Untracked 
| 727|0x000000075ae00000, 0x000000075ae00000, 0x000000075b000000|  0%| F|  |TAMS 0x000000075ae00000| PB 0x000000075ae00000| Untracked 
| 728|0x000000075b000000, 0x000000075b000000, 0x000000075b200000|  0%| F|  |TAMS 0x000000075b000000| PB 0x000000075b000000| Untracked 
| 729|0x000000075b200000, 0x000000075b200000, 0x000000075b400000|  0%| F|  |TAMS 0x000000075b200000| PB 0x000000075b200000| Untracked 
| 730|0x000000075b400000, 0x000000075b400000, 0x000000075b600000|  0%| F|  |TAMS 0x000000075b400000| PB 0x000000075b400000| Untracked 
| 731|0x000000075b600000, 0x000000075b600000, 0x000000075b800000|  0%| F|  |TAMS 0x000000075b600000| PB 0x000000075b600000| Untracked 
| 732|0x000000075b800000, 0x000000075b800000, 0x000000075ba00000|  0%| F|  |TAMS 0x000000075b800000| PB 0x000000075b800000| Untracked 
| 733|0x000000075ba00000, 0x000000075ba00000, 0x000000075bc00000|  0%| F|  |TAMS 0x000000075ba00000| PB 0x000000075ba00000| Untracked 
| 734|0x000000075bc00000, 0x000000075bc00000, 0x000000075be00000|  0%| F|  |TAMS 0x000000075bc00000| PB 0x000000075bc00000| Untracked 
| 735|0x000000075be00000, 0x000000075be00000, 0x000000075c000000|  0%| F|  |TAMS 0x000000075be00000| PB 0x000000075be00000| Untracked 
| 736|0x000000075c000000, 0x000000075c000000, 0x000000075c200000|  0%| F|  |TAMS 0x000000075c000000| PB 0x000000075c000000| Untracked 
| 737|0x000000075c200000, 0x000000075c200000, 0x000000075c400000|  0%| F|  |TAMS 0x000000075c200000| PB 0x000000075c200000| Untracked 
| 738|0x000000075c400000, 0x000000075c400000, 0x000000075c600000|  0%| F|  |TAMS 0x000000075c400000| PB 0x000000075c400000| Untracked 
| 739|0x000000075c600000, 0x000000075c600000, 0x000000075c800000|  0%| F|  |TAMS 0x000000075c600000| PB 0x000000075c600000| Untracked 
| 740|0x000000075c800000, 0x000000075c800000, 0x000000075ca00000|  0%| F|  |TAMS 0x000000075c800000| PB 0x000000075c800000| Untracked 
| 741|0x000000075ca00000, 0x000000075ca00000, 0x000000075cc00000|  0%| F|  |TAMS 0x000000075ca00000| PB 0x000000075ca00000| Untracked 
| 742|0x000000075cc00000, 0x000000075cc00000, 0x000000075ce00000|  0%| F|  |TAMS 0x000000075cc00000| PB 0x000000075cc00000| Untracked 
| 743|0x000000075ce00000, 0x000000075ce00000, 0x000000075d000000|  0%| F|  |TAMS 0x000000075ce00000| PB 0x000000075ce00000| Untracked 
| 744|0x000000075d000000, 0x000000075d000000, 0x000000075d200000|  0%| F|  |TAMS 0x000000075d000000| PB 0x000000075d000000| Untracked 
| 745|0x000000075d200000, 0x000000075d200000, 0x000000075d400000|  0%| F|  |TAMS 0x000000075d200000| PB 0x000000075d200000| Untracked 
| 746|0x000000075d400000, 0x000000075d400000, 0x000000075d600000|  0%| F|  |TAMS 0x000000075d400000| PB 0x000000075d400000| Untracked 
| 747|0x000000075d600000, 0x000000075d600000, 0x000000075d800000|  0%| F|  |TAMS 0x000000075d600000| PB 0x000000075d600000| Untracked 
| 748|0x000000075d800000, 0x000000075d800000, 0x000000075da00000|  0%| F|  |TAMS 0x000000075d800000| PB 0x000000075d800000| Untracked 
| 749|0x000000075da00000, 0x000000075da00000, 0x000000075dc00000|  0%| F|  |TAMS 0x000000075da00000| PB 0x000000075da00000| Untracked 
| 750|0x000000075dc00000, 0x000000075dc00000, 0x000000075de00000|  0%| F|  |TAMS 0x000000075dc00000| PB 0x000000075dc00000| Untracked 
| 751|0x000000075de00000, 0x000000075de00000, 0x000000075e000000|  0%| F|  |TAMS 0x000000075de00000| PB 0x000000075de00000| Untracked 
| 752|0x000000075e000000, 0x000000075e000000, 0x000000075e200000|  0%| F|  |TAMS 0x000000075e000000| PB 0x000000075e000000| Untracked 
| 753|0x000000075e200000, 0x000000075e200000, 0x000000075e400000|  0%| F|  |TAMS 0x000000075e200000| PB 0x000000075e200000| Untracked 
| 754|0x000000075e400000, 0x000000075e400000, 0x000000075e600000|  0%| F|  |TAMS 0x000000075e400000| PB 0x000000075e400000| Untracked 
| 755|0x000000075e600000, 0x000000075e600000, 0x000000075e800000|  0%| F|  |TAMS 0x000000075e600000| PB 0x000000075e600000| Untracked 
| 756|0x000000075e800000, 0x000000075e800000, 0x000000075ea00000|  0%| F|  |TAMS 0x000000075e800000| PB 0x000000075e800000| Untracked 
| 757|0x000000075ea00000, 0x000000075ea00000, 0x000000075ec00000|  0%| F|  |TAMS 0x000000075ea00000| PB 0x000000075ea00000| Untracked 
| 758|0x000000075ec00000, 0x000000075ec00000, 0x000000075ee00000|  0%| F|  |TAMS 0x000000075ec00000| PB 0x000000075ec00000| Untracked 
| 759|0x000000075ee00000, 0x000000075ee00000, 0x000000075f000000|  0%| F|  |TAMS 0x000000075ee00000| PB 0x000000075ee00000| Untracked 
| 760|0x000000075f000000, 0x000000075f000000, 0x000000075f200000|  0%| F|  |TAMS 0x000000075f000000| PB 0x000000075f000000| Untracked 
| 761|0x000000075f200000, 0x000000075f200000, 0x000000075f400000|  0%| F|  |TAMS 0x000000075f200000| PB 0x000000075f200000| Untracked 
| 762|0x000000075f400000, 0x000000075f400000, 0x000000075f600000|  0%| F|  |TAMS 0x000000075f400000| PB 0x000000075f400000| Untracked 
| 763|0x000000075f600000, 0x000000075f600000, 0x000000075f800000|  0%| F|  |TAMS 0x000000075f600000| PB 0x000000075f600000| Untracked 
| 764|0x000000075f800000, 0x000000075f800000, 0x000000075fa00000|  0%| F|  |TAMS 0x000000075f800000| PB 0x000000075f800000| Untracked 
| 765|0x000000075fa00000, 0x000000075fa00000, 0x000000075fc00000|  0%| F|  |TAMS 0x000000075fa00000| PB 0x000000075fa00000| Untracked 
| 766|0x000000075fc00000, 0x000000075fc00000, 0x000000075fe00000|  0%| F|  |TAMS 0x000000075fc00000| PB 0x000000075fc00000| Untracked 
| 767|0x000000075fe00000, 0x000000075fe00000, 0x0000000760000000|  0%| F|  |TAMS 0x000000075fe00000| PB 0x000000075fe00000| Untracked 
| 768|0x0000000760000000, 0x0000000760000000, 0x0000000760200000|  0%| F|  |TAMS 0x0000000760000000| PB 0x0000000760000000| Untracked 
| 769|0x0000000760200000, 0x0000000760200000, 0x0000000760400000|  0%| F|  |TAMS 0x0000000760200000| PB 0x0000000760200000| Untracked 
| 770|0x0000000760400000, 0x0000000760400000, 0x0000000760600000|  0%| F|  |TAMS 0x0000000760400000| PB 0x0000000760400000| Untracked 
| 771|0x0000000760600000, 0x0000000760600000, 0x0000000760800000|  0%| F|  |TAMS 0x0000000760600000| PB 0x0000000760600000| Untracked 
| 772|0x0000000760800000, 0x0000000760800000, 0x0000000760a00000|  0%| F|  |TAMS 0x0000000760800000| PB 0x0000000760800000| Untracked 
| 773|0x0000000760a00000, 0x0000000760a00000, 0x0000000760c00000|  0%| F|  |TAMS 0x0000000760a00000| PB 0x0000000760a00000| Untracked 
| 774|0x0000000760c00000, 0x0000000760c00000, 0x0000000760e00000|  0%| F|  |TAMS 0x0000000760c00000| PB 0x0000000760c00000| Untracked 
| 775|0x0000000760e00000, 0x0000000760e00000, 0x0000000761000000|  0%| F|  |TAMS 0x0000000760e00000| PB 0x0000000760e00000| Untracked 
| 776|0x0000000761000000, 0x0000000761000000, 0x0000000761200000|  0%| F|  |TAMS 0x0000000761000000| PB 0x0000000761000000| Untracked 
| 777|0x0000000761200000, 0x0000000761200000, 0x0000000761400000|  0%| F|  |TAMS 0x0000000761200000| PB 0x0000000761200000| Untracked 
| 778|0x0000000761400000, 0x0000000761400000, 0x0000000761600000|  0%| F|  |TAMS 0x0000000761400000| PB 0x0000000761400000| Untracked 
| 779|0x0000000761600000, 0x0000000761600000, 0x0000000761800000|  0%| F|  |TAMS 0x0000000761600000| PB 0x0000000761600000| Untracked 
| 780|0x0000000761800000, 0x0000000761800000, 0x0000000761a00000|  0%| F|  |TAMS 0x0000000761800000| PB 0x0000000761800000| Untracked 
| 781|0x0000000761a00000, 0x0000000761a00000, 0x0000000761c00000|  0%| F|  |TAMS 0x0000000761a00000| PB 0x0000000761a00000| Untracked 
| 782|0x0000000761c00000, 0x0000000761c00000, 0x0000000761e00000|  0%| F|  |TAMS 0x0000000761c00000| PB 0x0000000761c00000| Untracked 
| 783|0x0000000761e00000, 0x0000000761e00000, 0x0000000762000000|  0%| F|  |TAMS 0x0000000761e00000| PB 0x0000000761e00000| Untracked 
| 784|0x0000000762000000, 0x0000000762000000, 0x0000000762200000|  0%| F|  |TAMS 0x0000000762000000| PB 0x0000000762000000| Untracked 
| 785|0x0000000762200000, 0x0000000762200000, 0x0000000762400000|  0%| F|  |TAMS 0x0000000762200000| PB 0x0000000762200000| Untracked 
| 786|0x0000000762400000, 0x0000000762400000, 0x0000000762600000|  0%| F|  |TAMS 0x0000000762400000| PB 0x0000000762400000| Untracked 
| 787|0x0000000762600000, 0x0000000762600000, 0x0000000762800000|  0%| F|  |TAMS 0x0000000762600000| PB 0x0000000762600000| Untracked 
| 788|0x0000000762800000, 0x0000000762800000, 0x0000000762a00000|  0%| F|  |TAMS 0x0000000762800000| PB 0x0000000762800000| Untracked 
| 789|0x0000000762a00000, 0x0000000762a00000, 0x0000000762c00000|  0%| F|  |TAMS 0x0000000762a00000| PB 0x0000000762a00000| Untracked 
| 790|0x0000000762c00000, 0x0000000762c00000, 0x0000000762e00000|  0%| F|  |TAMS 0x0000000762c00000| PB 0x0000000762c00000| Untracked 
| 791|0x0000000762e00000, 0x0000000762e00000, 0x0000000763000000|  0%| F|  |TAMS 0x0000000762e00000| PB 0x0000000762e00000| Untracked 
| 792|0x0000000763000000, 0x0000000763000000, 0x0000000763200000|  0%| F|  |TAMS 0x0000000763000000| PB 0x0000000763000000| Untracked 
| 793|0x0000000763200000, 0x0000000763200000, 0x0000000763400000|  0%| F|  |TAMS 0x0000000763200000| PB 0x0000000763200000| Untracked 
| 794|0x0000000763400000, 0x0000000763400000, 0x0000000763600000|  0%| F|  |TAMS 0x0000000763400000| PB 0x0000000763400000| Untracked 
| 795|0x0000000763600000, 0x0000000763600000, 0x0000000763800000|  0%| F|  |TAMS 0x0000000763600000| PB 0x0000000763600000| Untracked 
| 796|0x0000000763800000, 0x0000000763800000, 0x0000000763a00000|  0%| F|  |TAMS 0x0000000763800000| PB 0x0000000763800000| Untracked 
| 797|0x0000000763a00000, 0x0000000763a00000, 0x0000000763c00000|  0%| F|  |TAMS 0x0000000763a00000| PB 0x0000000763a00000| Untracked 
| 798|0x0000000763c00000, 0x0000000763c00000, 0x0000000763e00000|  0%| F|  |TAMS 0x0000000763c00000| PB 0x0000000763c00000| Untracked 
| 799|0x0000000763e00000, 0x0000000763e00000, 0x0000000764000000|  0%| F|  |TAMS 0x0000000763e00000| PB 0x0000000763e00000| Untracked 
| 800|0x0000000764000000, 0x0000000764000000, 0x0000000764200000|  0%| F|  |TAMS 0x0000000764000000| PB 0x0000000764000000| Untracked 
| 801|0x0000000764200000, 0x0000000764200000, 0x0000000764400000|  0%| F|  |TAMS 0x0000000764200000| PB 0x0000000764200000| Untracked 
| 802|0x0000000764400000, 0x0000000764400000, 0x0000000764600000|  0%| F|  |TAMS 0x0000000764400000| PB 0x0000000764400000| Untracked 
| 803|0x0000000764600000, 0x0000000764600000, 0x0000000764800000|  0%| F|  |TAMS 0x0000000764600000| PB 0x0000000764600000| Untracked 
| 804|0x0000000764800000, 0x0000000764800000, 0x0000000764a00000|  0%| F|  |TAMS 0x0000000764800000| PB 0x0000000764800000| Untracked 
| 805|0x0000000764a00000, 0x0000000764a00000, 0x0000000764c00000|  0%| F|  |TAMS 0x0000000764a00000| PB 0x0000000764a00000| Untracked 
| 806|0x0000000764c00000, 0x0000000764c00000, 0x0000000764e00000|  0%| F|  |TAMS 0x0000000764c00000| PB 0x0000000764c00000| Untracked 
| 807|0x0000000764e00000, 0x0000000764e00000, 0x0000000765000000|  0%| F|  |TAMS 0x0000000764e00000| PB 0x0000000764e00000| Untracked 
| 808|0x0000000765000000, 0x0000000765000000, 0x0000000765200000|  0%| F|  |TAMS 0x0000000765000000| PB 0x0000000765000000| Untracked 
| 809|0x0000000765200000, 0x0000000765200000, 0x0000000765400000|  0%| F|  |TAMS 0x0000000765200000| PB 0x0000000765200000| Untracked 
| 810|0x0000000765400000, 0x0000000765400000, 0x0000000765600000|  0%| F|  |TAMS 0x0000000765400000| PB 0x0000000765400000| Untracked 
| 811|0x0000000765600000, 0x0000000765600000, 0x0000000765800000|  0%| F|  |TAMS 0x0000000765600000| PB 0x0000000765600000| Untracked 
| 812|0x0000000765800000, 0x0000000765800000, 0x0000000765a00000|  0%| F|  |TAMS 0x0000000765800000| PB 0x0000000765800000| Untracked 
| 813|0x0000000765a00000, 0x0000000765a00000, 0x0000000765c00000|  0%| F|  |TAMS 0x0000000765a00000| PB 0x0000000765a00000| Untracked 
| 814|0x0000000765c00000, 0x0000000765c00000, 0x0000000765e00000|  0%| F|  |TAMS 0x0000000765c00000| PB 0x0000000765c00000| Untracked 
| 815|0x0000000765e00000, 0x0000000765e00000, 0x0000000766000000|  0%| F|  |TAMS 0x0000000765e00000| PB 0x0000000765e00000| Untracked 
| 816|0x0000000766000000, 0x0000000766000000, 0x0000000766200000|  0%| F|  |TAMS 0x0000000766000000| PB 0x0000000766000000| Untracked 
| 817|0x0000000766200000, 0x0000000766200000, 0x0000000766400000|  0%| F|  |TAMS 0x0000000766200000| PB 0x0000000766200000| Untracked 
| 818|0x0000000766400000, 0x0000000766400000, 0x0000000766600000|  0%| F|  |TAMS 0x0000000766400000| PB 0x0000000766400000| Untracked 
| 819|0x0000000766600000, 0x0000000766600000, 0x0000000766800000|  0%| F|  |TAMS 0x0000000766600000| PB 0x0000000766600000| Untracked 
| 820|0x0000000766800000, 0x0000000766800000, 0x0000000766a00000|  0%| F|  |TAMS 0x0000000766800000| PB 0x0000000766800000| Untracked 
| 821|0x0000000766a00000, 0x0000000766a00000, 0x0000000766c00000|  0%| F|  |TAMS 0x0000000766a00000| PB 0x0000000766a00000| Untracked 
| 822|0x0000000766c00000, 0x0000000766c00000, 0x0000000766e00000|  0%| F|  |TAMS 0x0000000766c00000| PB 0x0000000766c00000| Untracked 
| 823|0x0000000766e00000, 0x0000000766e00000, 0x0000000767000000|  0%| F|  |TAMS 0x0000000766e00000| PB 0x0000000766e00000| Untracked 
| 824|0x0000000767000000, 0x0000000767000000, 0x0000000767200000|  0%| F|  |TAMS 0x0000000767000000| PB 0x0000000767000000| Untracked 
| 825|0x0000000767200000, 0x0000000767200000, 0x0000000767400000|  0%| F|  |TAMS 0x0000000767200000| PB 0x0000000767200000| Untracked 
| 826|0x0000000767400000, 0x0000000767400000, 0x0000000767600000|  0%| F|  |TAMS 0x0000000767400000| PB 0x0000000767400000| Untracked 
| 827|0x0000000767600000, 0x0000000767600000, 0x0000000767800000|  0%| F|  |TAMS 0x0000000767600000| PB 0x0000000767600000| Untracked 
| 828|0x0000000767800000, 0x0000000767800000, 0x0000000767a00000|  0%| F|  |TAMS 0x0000000767800000| PB 0x0000000767800000| Untracked 
| 829|0x0000000767a00000, 0x0000000767a00000, 0x0000000767c00000|  0%| F|  |TAMS 0x0000000767a00000| PB 0x0000000767a00000| Untracked 
| 830|0x0000000767c00000, 0x0000000767c00000, 0x0000000767e00000|  0%| F|  |TAMS 0x0000000767c00000| PB 0x0000000767c00000| Untracked 
| 831|0x0000000767e00000, 0x0000000767e00000, 0x0000000768000000|  0%| F|  |TAMS 0x0000000767e00000| PB 0x0000000767e00000| Untracked 
| 832|0x0000000768000000, 0x0000000768000000, 0x0000000768200000|  0%| F|  |TAMS 0x0000000768000000| PB 0x0000000768000000| Untracked 
| 833|0x0000000768200000, 0x0000000768200000, 0x0000000768400000|  0%| F|  |TAMS 0x0000000768200000| PB 0x0000000768200000| Untracked 
| 834|0x0000000768400000, 0x0000000768400000, 0x0000000768600000|  0%| F|  |TAMS 0x0000000768400000| PB 0x0000000768400000| Untracked 
| 835|0x0000000768600000, 0x0000000768600000, 0x0000000768800000|  0%| F|  |TAMS 0x0000000768600000| PB 0x0000000768600000| Untracked 
| 836|0x0000000768800000, 0x0000000768800000, 0x0000000768a00000|  0%| F|  |TAMS 0x0000000768800000| PB 0x0000000768800000| Untracked 
| 837|0x0000000768a00000, 0x0000000768a00000, 0x0000000768c00000|  0%| F|  |TAMS 0x0000000768a00000| PB 0x0000000768a00000| Untracked 
| 838|0x0000000768c00000, 0x0000000768c00000, 0x0000000768e00000|  0%| F|  |TAMS 0x0000000768c00000| PB 0x0000000768c00000| Untracked 
| 839|0x0000000768e00000, 0x0000000768e00000, 0x0000000769000000|  0%| F|  |TAMS 0x0000000768e00000| PB 0x0000000768e00000| Untracked 
| 840|0x0000000769000000, 0x0000000769000000, 0x0000000769200000|  0%| F|  |TAMS 0x0000000769000000| PB 0x0000000769000000| Untracked 
| 841|0x0000000769200000, 0x0000000769200000, 0x0000000769400000|  0%| F|  |TAMS 0x0000000769200000| PB 0x0000000769200000| Untracked 
| 842|0x0000000769400000, 0x0000000769400000, 0x0000000769600000|  0%| F|  |TAMS 0x0000000769400000| PB 0x0000000769400000| Untracked 
| 843|0x0000000769600000, 0x0000000769600000, 0x0000000769800000|  0%| F|  |TAMS 0x0000000769600000| PB 0x0000000769600000| Untracked 
| 844|0x0000000769800000, 0x0000000769800000, 0x0000000769a00000|  0%| F|  |TAMS 0x0000000769800000| PB 0x0000000769800000| Untracked 
| 845|0x0000000769a00000, 0x0000000769a00000, 0x0000000769c00000|  0%| F|  |TAMS 0x0000000769a00000| PB 0x0000000769a00000| Untracked 
| 846|0x0000000769c00000, 0x0000000769c00000, 0x0000000769e00000|  0%| F|  |TAMS 0x0000000769c00000| PB 0x0000000769c00000| Untracked 
| 847|0x0000000769e00000, 0x0000000769e00000, 0x000000076a000000|  0%| F|  |TAMS 0x0000000769e00000| PB 0x0000000769e00000| Untracked 
| 848|0x000000076a000000, 0x000000076a000000, 0x000000076a200000|  0%| F|  |TAMS 0x000000076a000000| PB 0x000000076a000000| Untracked 
| 849|0x000000076a200000, 0x000000076a200000, 0x000000076a400000|  0%| F|  |TAMS 0x000000076a200000| PB 0x000000076a200000| Untracked 
| 850|0x000000076a400000, 0x000000076a400000, 0x000000076a600000|  0%| F|  |TAMS 0x000000076a400000| PB 0x000000076a400000| Untracked 
| 851|0x000000076a600000, 0x000000076a600000, 0x000000076a800000|  0%| F|  |TAMS 0x000000076a600000| PB 0x000000076a600000| Untracked 
| 852|0x000000076a800000, 0x000000076a800000, 0x000000076aa00000|  0%| F|  |TAMS 0x000000076a800000| PB 0x000000076a800000| Untracked 
| 853|0x000000076aa00000, 0x000000076aa00000, 0x000000076ac00000|  0%| F|  |TAMS 0x000000076aa00000| PB 0x000000076aa00000| Untracked 
| 854|0x000000076ac00000, 0x000000076ac00000, 0x000000076ae00000|  0%| F|  |TAMS 0x000000076ac00000| PB 0x000000076ac00000| Untracked 
| 855|0x000000076ae00000, 0x000000076ae00000, 0x000000076b000000|  0%| F|  |TAMS 0x000000076ae00000| PB 0x000000076ae00000| Untracked 
| 856|0x000000076b000000, 0x000000076b000000, 0x000000076b200000|  0%| F|  |TAMS 0x000000076b000000| PB 0x000000076b000000| Untracked 
| 857|0x000000076b200000, 0x000000076b200000, 0x000000076b400000|  0%| F|  |TAMS 0x000000076b200000| PB 0x000000076b200000| Untracked 
| 858|0x000000076b400000, 0x000000076b400000, 0x000000076b600000|  0%| F|  |TAMS 0x000000076b400000| PB 0x000000076b400000| Untracked 
| 859|0x000000076b600000, 0x000000076b600000, 0x000000076b800000|  0%| F|  |TAMS 0x000000076b600000| PB 0x000000076b600000| Untracked 
| 860|0x000000076b800000, 0x000000076b800000, 0x000000076ba00000|  0%| F|  |TAMS 0x000000076b800000| PB 0x000000076b800000| Untracked 
| 861|0x000000076ba00000, 0x000000076ba00000, 0x000000076bc00000|  0%| F|  |TAMS 0x000000076ba00000| PB 0x000000076ba00000| Untracked 
| 862|0x000000076bc00000, 0x000000076bc00000, 0x000000076be00000|  0%| F|  |TAMS 0x000000076bc00000| PB 0x000000076bc00000| Untracked 
| 863|0x000000076be00000, 0x000000076be00000, 0x000000076c000000|  0%| F|  |TAMS 0x000000076be00000| PB 0x000000076be00000| Untracked 
| 864|0x000000076c000000, 0x000000076c000000, 0x000000076c200000|  0%| F|  |TAMS 0x000000076c000000| PB 0x000000076c000000| Untracked 
| 865|0x000000076c200000, 0x000000076c200000, 0x000000076c400000|  0%| F|  |TAMS 0x000000076c200000| PB 0x000000076c200000| Untracked 
| 866|0x000000076c400000, 0x000000076c400000, 0x000000076c600000|  0%| F|  |TAMS 0x000000076c400000| PB 0x000000076c400000| Untracked 
| 867|0x000000076c600000, 0x000000076c600000, 0x000000076c800000|  0%| F|  |TAMS 0x000000076c600000| PB 0x000000076c600000| Untracked 
| 868|0x000000076c800000, 0x000000076c800000, 0x000000076ca00000|  0%| F|  |TAMS 0x000000076c800000| PB 0x000000076c800000| Untracked 
| 869|0x000000076ca00000, 0x000000076ca00000, 0x000000076cc00000|  0%| F|  |TAMS 0x000000076ca00000| PB 0x000000076ca00000| Untracked 
| 870|0x000000076cc00000, 0x000000076cc00000, 0x000000076ce00000|  0%| F|  |TAMS 0x000000076cc00000| PB 0x000000076cc00000| Untracked 
| 871|0x000000076ce00000, 0x000000076ce00000, 0x000000076d000000|  0%| F|  |TAMS 0x000000076ce00000| PB 0x000000076ce00000| Untracked 
| 872|0x000000076d000000, 0x000000076d000000, 0x000000076d200000|  0%| F|  |TAMS 0x000000076d000000| PB 0x000000076d000000| Untracked 
| 873|0x000000076d200000, 0x000000076d200000, 0x000000076d400000|  0%| F|  |TAMS 0x000000076d200000| PB 0x000000076d200000| Untracked 
| 874|0x000000076d400000, 0x000000076d400000, 0x000000076d600000|  0%| F|  |TAMS 0x000000076d400000| PB 0x000000076d400000| Untracked 
| 875|0x000000076d600000, 0x000000076d600000, 0x000000076d800000|  0%| F|  |TAMS 0x000000076d600000| PB 0x000000076d600000| Untracked 
| 876|0x000000076d800000, 0x000000076d800000, 0x000000076da00000|  0%| F|  |TAMS 0x000000076d800000| PB 0x000000076d800000| Untracked 
| 877|0x000000076da00000, 0x000000076da00000, 0x000000076dc00000|  0%| F|  |TAMS 0x000000076da00000| PB 0x000000076da00000| Untracked 
| 878|0x000000076dc00000, 0x000000076dc00000, 0x000000076de00000|  0%| F|  |TAMS 0x000000076dc00000| PB 0x000000076dc00000| Untracked 
| 879|0x000000076de00000, 0x000000076de00000, 0x000000076e000000|  0%| F|  |TAMS 0x000000076de00000| PB 0x000000076de00000| Untracked 
| 880|0x000000076e000000, 0x000000076e000000, 0x000000076e200000|  0%| F|  |TAMS 0x000000076e000000| PB 0x000000076e000000| Untracked 
| 881|0x000000076e200000, 0x000000076e200000, 0x000000076e400000|  0%| F|  |TAMS 0x000000076e200000| PB 0x000000076e200000| Untracked 
| 882|0x000000076e400000, 0x000000076e400000, 0x000000076e600000|  0%| F|  |TAMS 0x000000076e400000| PB 0x000000076e400000| Untracked 
| 883|0x000000076e600000, 0x000000076e600000, 0x000000076e800000|  0%| F|  |TAMS 0x000000076e600000| PB 0x000000076e600000| Untracked 
| 884|0x000000076e800000, 0x000000076e800000, 0x000000076ea00000|  0%| F|  |TAMS 0x000000076e800000| PB 0x000000076e800000| Untracked 
| 885|0x000000076ea00000, 0x000000076ea00000, 0x000000076ec00000|  0%| F|  |TAMS 0x000000076ea00000| PB 0x000000076ea00000| Untracked 
| 886|0x000000076ec00000, 0x000000076ec00000, 0x000000076ee00000|  0%| F|  |TAMS 0x000000076ec00000| PB 0x000000076ec00000| Untracked 
| 887|0x000000076ee00000, 0x000000076ee00000, 0x000000076f000000|  0%| F|  |TAMS 0x000000076ee00000| PB 0x000000076ee00000| Untracked 
| 888|0x000000076f000000, 0x000000076f000000, 0x000000076f200000|  0%| F|  |TAMS 0x000000076f000000| PB 0x000000076f000000| Untracked 
| 889|0x000000076f200000, 0x000000076f200000, 0x000000076f400000|  0%| F|  |TAMS 0x000000076f200000| PB 0x000000076f200000| Untracked 
| 890|0x000000076f400000, 0x000000076f400000, 0x000000076f600000|  0%| F|  |TAMS 0x000000076f400000| PB 0x000000076f400000| Untracked 
| 891|0x000000076f600000, 0x000000076f600000, 0x000000076f800000|  0%| F|  |TAMS 0x000000076f600000| PB 0x000000076f600000| Untracked 
| 892|0x000000076f800000, 0x000000076f800000, 0x000000076fa00000|  0%| F|  |TAMS 0x000000076f800000| PB 0x000000076f800000| Untracked 
| 893|0x000000076fa00000, 0x000000076fa00000, 0x000000076fc00000|  0%| F|  |TAMS 0x000000076fa00000| PB 0x000000076fa00000| Untracked 
| 894|0x000000076fc00000, 0x000000076fc00000, 0x000000076fe00000|  0%| F|  |TAMS 0x000000076fc00000| PB 0x000000076fc00000| Untracked 
| 895|0x000000076fe00000, 0x000000076fe00000, 0x0000000770000000|  0%| F|  |TAMS 0x000000076fe00000| PB 0x000000076fe00000| Untracked 
| 896|0x0000000770000000, 0x0000000770000000, 0x0000000770200000|  0%| F|  |TAMS 0x0000000770000000| PB 0x0000000770000000| Untracked 
| 897|0x0000000770200000, 0x0000000770200000, 0x0000000770400000|  0%| F|  |TAMS 0x0000000770200000| PB 0x0000000770200000| Untracked 
| 898|0x0000000770400000, 0x0000000770400000, 0x0000000770600000|  0%| F|  |TAMS 0x0000000770400000| PB 0x0000000770400000| Untracked 
| 899|0x0000000770600000, 0x0000000770600000, 0x0000000770800000|  0%| F|  |TAMS 0x0000000770600000| PB 0x0000000770600000| Untracked 
| 900|0x0000000770800000, 0x0000000770800000, 0x0000000770a00000|  0%| F|  |TAMS 0x0000000770800000| PB 0x0000000770800000| Untracked 
| 901|0x0000000770a00000, 0x0000000770a00000, 0x0000000770c00000|  0%| F|  |TAMS 0x0000000770a00000| PB 0x0000000770a00000| Untracked 
| 902|0x0000000770c00000, 0x0000000770c00000, 0x0000000770e00000|  0%| F|  |TAMS 0x0000000770c00000| PB 0x0000000770c00000| Untracked 
| 903|0x0000000770e00000, 0x0000000770e00000, 0x0000000771000000|  0%| F|  |TAMS 0x0000000770e00000| PB 0x0000000770e00000| Untracked 
| 904|0x0000000771000000, 0x0000000771000000, 0x0000000771200000|  0%| F|  |TAMS 0x0000000771000000| PB 0x0000000771000000| Untracked 
| 905|0x0000000771200000, 0x0000000771200000, 0x0000000771400000|  0%| F|  |TAMS 0x0000000771200000| PB 0x0000000771200000| Untracked 
| 906|0x0000000771400000, 0x0000000771400000, 0x0000000771600000|  0%| F|  |TAMS 0x0000000771400000| PB 0x0000000771400000| Untracked 
| 907|0x0000000771600000, 0x0000000771600000, 0x0000000771800000|  0%| F|  |TAMS 0x0000000771600000| PB 0x0000000771600000| Untracked 
| 908|0x0000000771800000, 0x0000000771800000, 0x0000000771a00000|  0%| F|  |TAMS 0x0000000771800000| PB 0x0000000771800000| Untracked 
| 909|0x0000000771a00000, 0x0000000771a00000, 0x0000000771c00000|  0%| F|  |TAMS 0x0000000771a00000| PB 0x0000000771a00000| Untracked 
| 910|0x0000000771c00000, 0x0000000771c00000, 0x0000000771e00000|  0%| F|  |TAMS 0x0000000771c00000| PB 0x0000000771c00000| Untracked 
| 911|0x0000000771e00000, 0x0000000771e00000, 0x0000000772000000|  0%| F|  |TAMS 0x0000000771e00000| PB 0x0000000771e00000| Untracked 
| 912|0x0000000772000000, 0x0000000772000000, 0x0000000772200000|  0%| F|  |TAMS 0x0000000772000000| PB 0x0000000772000000| Untracked 
| 913|0x0000000772200000, 0x0000000772200000, 0x0000000772400000|  0%| F|  |TAMS 0x0000000772200000| PB 0x0000000772200000| Untracked 
| 914|0x0000000772400000, 0x0000000772400000, 0x0000000772600000|  0%| F|  |TAMS 0x0000000772400000| PB 0x0000000772400000| Untracked 
| 915|0x0000000772600000, 0x0000000772600000, 0x0000000772800000|  0%| F|  |TAMS 0x0000000772600000| PB 0x0000000772600000| Untracked 
| 916|0x0000000772800000, 0x0000000772800000, 0x0000000772a00000|  0%| F|  |TAMS 0x0000000772800000| PB 0x0000000772800000| Untracked 
| 917|0x0000000772a00000, 0x0000000772a00000, 0x0000000772c00000|  0%| F|  |TAMS 0x0000000772a00000| PB 0x0000000772a00000| Untracked 
| 918|0x0000000772c00000, 0x0000000772c00000, 0x0000000772e00000|  0%| F|  |TAMS 0x0000000772c00000| PB 0x0000000772c00000| Untracked 
| 919|0x0000000772e00000, 0x0000000772e00000, 0x0000000773000000|  0%| F|  |TAMS 0x0000000772e00000| PB 0x0000000772e00000| Untracked 
| 920|0x0000000773000000, 0x0000000773200000, 0x0000000773200000|100%| S|CS|TAMS 0x0000000773000000| PB 0x0000000773000000| Complete 
| 921|0x0000000773200000, 0x0000000773400000, 0x0000000773400000|100%| S|CS|TAMS 0x0000000773200000| PB 0x0000000773200000| Complete 
| 922|0x0000000773400000, 0x0000000773600000, 0x0000000773600000|100%| S|CS|TAMS 0x0000000773400000| PB 0x0000000773400000| Complete 
| 923|0x0000000773600000, 0x0000000773800000, 0x0000000773800000|100%| S|CS|TAMS 0x0000000773600000| PB 0x0000000773600000| Complete 
| 924|0x0000000773800000, 0x0000000773a00000, 0x0000000773a00000|100%| S|CS|TAMS 0x0000000773800000| PB 0x0000000773800000| Complete 
| 925|0x0000000773a00000, 0x0000000773c00000, 0x0000000773c00000|100%| S|CS|TAMS 0x0000000773a00000| PB 0x0000000773a00000| Complete 
| 926|0x0000000773c00000, 0x0000000773e00000, 0x0000000773e00000|100%| S|CS|TAMS 0x0000000773c00000| PB 0x0000000773c00000| Complete 
| 927|0x0000000773e00000, 0x0000000774000000, 0x0000000774000000|100%| S|CS|TAMS 0x0000000773e00000| PB 0x0000000773e00000| Complete 
| 928|0x0000000774000000, 0x0000000774200000, 0x0000000774200000|100%| S|CS|TAMS 0x0000000774000000| PB 0x0000000774000000| Complete 
| 929|0x0000000774200000, 0x0000000774400000, 0x0000000774400000|100%| S|CS|TAMS 0x0000000774200000| PB 0x0000000774200000| Complete 
| 930|0x0000000774400000, 0x0000000774600000, 0x0000000774600000|100%| S|CS|TAMS 0x0000000774400000| PB 0x0000000774400000| Complete 
| 931|0x0000000774600000, 0x0000000774800000, 0x0000000774800000|100%| S|CS|TAMS 0x0000000774600000| PB 0x0000000774600000| Complete 
| 932|0x0000000774800000, 0x0000000774a00000, 0x0000000774a00000|100%| S|CS|TAMS 0x0000000774800000| PB 0x0000000774800000| Complete 
| 933|0x0000000774a00000, 0x0000000774c00000, 0x0000000774c00000|100%| S|CS|TAMS 0x0000000774a00000| PB 0x0000000774a00000| Complete 
| 934|0x0000000774c00000, 0x0000000774e00000, 0x0000000774e00000|100%| S|CS|TAMS 0x0000000774c00000| PB 0x0000000774c00000| Complete 
| 935|0x0000000774e00000, 0x0000000775000000, 0x0000000775000000|100%| S|CS|TAMS 0x0000000774e00000| PB 0x0000000774e00000| Complete 
| 936|0x0000000775000000, 0x0000000775200000, 0x0000000775200000|100%| S|CS|TAMS 0x0000000775000000| PB 0x0000000775000000| Complete 
| 937|0x0000000775200000, 0x0000000775400000, 0x0000000775400000|100%| S|CS|TAMS 0x0000000775200000| PB 0x0000000775200000| Complete 
| 938|0x0000000775400000, 0x0000000775500000, 0x0000000775600000| 50%| S|CS|TAMS 0x0000000775400000| PB 0x0000000775400000| Complete 
|1928|0x00000007f1000000, 0x00000007f11fbe40, 0x00000007f1200000| 99%| O|  |TAMS 0x00000007f1000000| PB 0x00000007f1000000| Untracked 
|1929|0x00000007f1200000, 0x00000007f1400000, 0x00000007f1400000|100%| O|  |TAMS 0x00000007f1200000| PB 0x00000007f1200000| Untracked 
|1930|0x00000007f1400000, 0x00000007f1600000, 0x00000007f1600000|100%| O|  |TAMS 0x00000007f1400000| PB 0x00000007f1400000| Untracked 
|1931|0x00000007f1600000, 0x00000007f1800000, 0x00000007f1800000|100%| O|  |TAMS 0x00000007f1600000| PB 0x00000007f1600000| Untracked 
|1932|0x00000007f1800000, 0x00000007f1a00000, 0x00000007f1a00000|100%| O|  |TAMS 0x00000007f1800000| PB 0x00000007f1800000| Untracked 
|1933|0x00000007f1a00000, 0x00000007f1c00000, 0x00000007f1c00000|100%| O|  |TAMS 0x00000007f1a00000| PB 0x00000007f1a00000| Untracked 
|1934|0x00000007f1c00000, 0x00000007f1e00000, 0x00000007f1e00000|100%| O|  |TAMS 0x00000007f1c00000| PB 0x00000007f1c00000| Untracked 
|1935|0x00000007f1e00000, 0x00000007f2000000, 0x00000007f2000000|100%| O|  |TAMS 0x00000007f1e00000| PB 0x00000007f1e00000| Untracked 
|1936|0x00000007f2000000, 0x00000007f2200000, 0x00000007f2200000|100%| O|  |TAMS 0x00000007f2000000| PB 0x00000007f2000000| Untracked 
|1937|0x00000007f2200000, 0x00000007f2400000, 0x00000007f2400000|100%| O|  |TAMS 0x00000007f2200000| PB 0x00000007f2200000| Untracked 
|1938|0x00000007f2400000, 0x00000007f2600000, 0x00000007f2600000|100%| O|  |TAMS 0x00000007f2400000| PB 0x00000007f2400000| Untracked 
|1939|0x00000007f2600000, 0x00000007f2800000, 0x00000007f2800000|100%| O|  |TAMS 0x00000007f2600000| PB 0x00000007f2600000| Untracked 
|1940|0x00000007f2800000, 0x00000007f2a00000, 0x00000007f2a00000|100%| O|  |TAMS 0x00000007f2800000| PB 0x00000007f2800000| Untracked 
|1941|0x00000007f2a00000, 0x00000007f2c00000, 0x00000007f2c00000|100%| O|  |TAMS 0x00000007f2a00000| PB 0x00000007f2a00000| Untracked 
|1942|0x00000007f2c00000, 0x00000007f2e00000, 0x00000007f2e00000|100%| O|  |TAMS 0x00000007f2c00000| PB 0x00000007f2c00000| Untracked 
|1943|0x00000007f2e00000, 0x00000007f3000000, 0x00000007f3000000|100%| O|  |TAMS 0x00000007f2e00000| PB 0x00000007f2e00000| Untracked 
|1944|0x00000007f3000000, 0x00000007f3200000, 0x00000007f3200000|100%| O|  |TAMS 0x00000007f3000000| PB 0x00000007f3000000| Untracked 
|1945|0x00000007f3200000, 0x00000007f3400000, 0x00000007f3400000|100%| O|  |TAMS 0x00000007f3200000| PB 0x00000007f3200000| Untracked 
|1946|0x00000007f3400000, 0x00000007f3600000, 0x00000007f3600000|100%| O|  |TAMS 0x00000007f3400000| PB 0x00000007f3400000| Untracked 
|1947|0x00000007f3600000, 0x00000007f3800000, 0x00000007f3800000|100%| O|  |TAMS 0x00000007f3600000| PB 0x00000007f3600000| Untracked 
|1948|0x00000007f3800000, 0x00000007f3a00000, 0x00000007f3a00000|100%| O|  |TAMS 0x00000007f3800000| PB 0x00000007f3800000| Untracked 
|1949|0x00000007f3a00000, 0x00000007f3c00000, 0x00000007f3c00000|100%| O|  |TAMS 0x00000007f3a00000| PB 0x00000007f3a00000| Untracked 
|1950|0x00000007f3c00000, 0x00000007f3e00000, 0x00000007f3e00000|100%| O|  |TAMS 0x00000007f3c00000| PB 0x00000007f3c00000| Untracked 
|1951|0x00000007f3e00000, 0x00000007f4000000, 0x00000007f4000000|100%| O|  |TAMS 0x00000007f3e00000| PB 0x00000007f3e00000| Untracked 
|1952|0x00000007f4000000, 0x00000007f4200000, 0x00000007f4200000|100%| O|  |TAMS 0x00000007f4000000| PB 0x00000007f4000000| Untracked 
|1953|0x00000007f4200000, 0x00000007f4200000, 0x00000007f4400000|  0%| F|  |TAMS 0x00000007f4200000| PB 0x00000007f4200000| Untracked 
|1954|0x00000007f4400000, 0x00000007f4400000, 0x00000007f4600000|  0%| F|  |TAMS 0x00000007f4400000| PB 0x00000007f4400000| Untracked 
|1955|0x00000007f4600000, 0x00000007f4600000, 0x00000007f4800000|  0%| F|  |TAMS 0x00000007f4600000| PB 0x00000007f4600000| Untracked 
|1956|0x00000007f4800000, 0x00000007f4a00000, 0x00000007f4a00000|100%| O|  |TAMS 0x00000007f4800000| PB 0x00000007f4800000| Untracked 
|1957|0x00000007f4a00000, 0x00000007f4c00000, 0x00000007f4c00000|100%| O|  |TAMS 0x00000007f4a00000| PB 0x00000007f4a00000| Untracked 
|1958|0x00000007f4c00000, 0x00000007f4c00000, 0x00000007f4e00000|  0%| F|  |TAMS 0x00000007f4c00000| PB 0x00000007f4c00000| Untracked 
|1959|0x00000007f4e00000, 0x00000007f4e00000, 0x00000007f5000000|  0%| F|  |TAMS 0x00000007f4e00000| PB 0x00000007f4e00000| Untracked 
|1960|0x00000007f5000000, 0x00000007f5000000, 0x00000007f5200000|  0%| F|  |TAMS 0x00000007f5000000| PB 0x00000007f5000000| Untracked 
|1961|0x00000007f5200000, 0x00000007f5400000, 0x00000007f5400000|100%| O|  |TAMS 0x00000007f5200000| PB 0x00000007f5200000| Untracked 
|1962|0x00000007f5400000, 0x00000007f5600000, 0x00000007f5600000|100%| O|  |TAMS 0x00000007f5400000| PB 0x00000007f5400000| Untracked 
|1963|0x00000007f5600000, 0x00000007f5600000, 0x00000007f5800000|  0%| F|  |TAMS 0x00000007f5600000| PB 0x00000007f5600000| Untracked 
|1964|0x00000007f5800000, 0x00000007f5800000, 0x00000007f5a00000|  0%| F|  |TAMS 0x00000007f5800000| PB 0x00000007f5800000| Untracked 
|1965|0x00000007f5a00000, 0x00000007f5a00000, 0x00000007f5c00000|  0%| F|  |TAMS 0x00000007f5a00000| PB 0x00000007f5a00000| Untracked 
|1966|0x00000007f5c00000, 0x00000007f5c00000, 0x00000007f5e00000|  0%| F|  |TAMS 0x00000007f5c00000| PB 0x00000007f5c00000| Untracked 
|1967|0x00000007f5e00000, 0x00000007f6000000, 0x00000007f6000000|100%| O|  |TAMS 0x00000007f5e00000| PB 0x00000007f5e00000| Untracked 
|1968|0x00000007f6000000, 0x00000007f6200000, 0x00000007f6200000|100%| O|  |TAMS 0x00000007f6000000| PB 0x00000007f6000000| Untracked 
|1969|0x00000007f6200000, 0x00000007f6400000, 0x00000007f6400000|100%| O|  |TAMS 0x00000007f6200000| PB 0x00000007f6200000| Untracked 
|1970|0x00000007f6400000, 0x00000007f6400000, 0x00000007f6600000|  0%| F|  |TAMS 0x00000007f6400000| PB 0x00000007f6400000| Untracked 
|1971|0x00000007f6600000, 0x00000007f6600000, 0x00000007f6800000|  0%| F|  |TAMS 0x00000007f6600000| PB 0x00000007f6600000| Untracked 
|1972|0x00000007f6800000, 0x00000007f6800000, 0x00000007f6a00000|  0%| F|  |TAMS 0x00000007f6800000| PB 0x00000007f6800000| Untracked 
|1973|0x00000007f6a00000, 0x00000007f6a00000, 0x00000007f6c00000|  0%| F|  |TAMS 0x00000007f6a00000| PB 0x00000007f6a00000| Untracked 
|1974|0x00000007f6c00000, 0x00000007f6c00000, 0x00000007f6e00000|  0%| F|  |TAMS 0x00000007f6c00000| PB 0x00000007f6c00000| Untracked 
|1975|0x00000007f6e00000, 0x00000007f6e00000, 0x00000007f7000000|  0%| F|  |TAMS 0x00000007f6e00000| PB 0x00000007f6e00000| Untracked 
|1976|0x00000007f7000000, 0x00000007f7200000, 0x00000007f7200000|100%| O|  |TAMS 0x00000007f7000000| PB 0x00000007f7000000| Untracked 
|1977|0x00000007f7200000, 0x00000007f7200000, 0x00000007f7400000|  0%| F|  |TAMS 0x00000007f7200000| PB 0x00000007f7200000| Untracked 
|1978|0x00000007f7400000, 0x00000007f7400000, 0x00000007f7600000|  0%| F|  |TAMS 0x00000007f7400000| PB 0x00000007f7400000| Untracked 
|1979|0x00000007f7600000, 0x00000007f7800000, 0x00000007f7800000|100%| O|  |TAMS 0x00000007f7600000| PB 0x00000007f7600000| Untracked 
|1980|0x00000007f7800000, 0x00000007f7a00000, 0x00000007f7a00000|100%| O|  |TAMS 0x00000007f7800000| PB 0x00000007f7800000| Untracked 
|1981|0x00000007f7a00000, 0x00000007f7a00000, 0x00000007f7c00000|  0%| F|  |TAMS 0x00000007f7a00000| PB 0x00000007f7a00000| Untracked 
|1982|0x00000007f7c00000, 0x00000007f7c00000, 0x00000007f7e00000|  0%| F|  |TAMS 0x00000007f7c00000| PB 0x00000007f7c00000| Untracked 
|1983|0x00000007f7e00000, 0x00000007f7e00000, 0x00000007f8000000|  0%| F|  |TAMS 0x00000007f7e00000| PB 0x00000007f7e00000| Untracked 
|1984|0x00000007f8000000, 0x00000007f8000000, 0x00000007f8200000|  0%| F|  |TAMS 0x00000007f8000000| PB 0x00000007f8000000| Untracked 
|1985|0x00000007f8200000, 0x00000007f8200000, 0x00000007f8400000|  0%| F|  |TAMS 0x00000007f8200000| PB 0x00000007f8200000| Untracked 
|1986|0x00000007f8400000, 0x00000007f8400000, 0x00000007f8600000|  0%| F|  |TAMS 0x00000007f8400000| PB 0x00000007f8400000| Untracked 
|1987|0x00000007f8600000, 0x00000007f8600000, 0x00000007f8800000|  0%| F|  |TAMS 0x00000007f8600000| PB 0x00000007f8600000| Untracked 
|1988|0x00000007f8800000, 0x00000007f8800000, 0x00000007f8a00000|  0%| F|  |TAMS 0x00000007f8800000| PB 0x00000007f8800000| Untracked 
|1989|0x00000007f8a00000, 0x00000007f8a00000, 0x00000007f8c00000|  0%| F|  |TAMS 0x00000007f8a00000| PB 0x00000007f8a00000| Untracked 
|1990|0x00000007f8c00000, 0x00000007f8c00000, 0x00000007f8e00000|  0%| F|  |TAMS 0x00000007f8c00000| PB 0x00000007f8c00000| Untracked 
|1991|0x00000007f8e00000, 0x00000007f8e00000, 0x00000007f9000000|  0%| F|  |TAMS 0x00000007f8e00000| PB 0x00000007f8e00000| Untracked 
|1992|0x00000007f9000000, 0x00000007f9000000, 0x00000007f9200000|  0%| F|  |TAMS 0x00000007f9000000| PB 0x00000007f9000000| Untracked 
|1993|0x00000007f9200000, 0x00000007f9200000, 0x00000007f9400000|  0%| F|  |TAMS 0x00000007f9200000| PB 0x00000007f9200000| Untracked 
|1994|0x00000007f9400000, 0x00000007f9400000, 0x00000007f9600000|  0%| F|  |TAMS 0x00000007f9400000| PB 0x00000007f9400000| Untracked 
|1995|0x00000007f9600000, 0x00000007f9600000, 0x00000007f9800000|  0%| F|  |TAMS 0x00000007f9600000| PB 0x00000007f9600000| Untracked 
|1996|0x00000007f9800000, 0x00000007f9a00000, 0x00000007f9a00000|100%| O|  |TAMS 0x00000007f9800000| PB 0x00000007f9800000| Untracked 
|1997|0x00000007f9a00000, 0x00000007f9c00000, 0x00000007f9c00000|100%| O|  |TAMS 0x00000007f9a00000| PB 0x00000007f9a00000| Untracked 
|1998|0x00000007f9c00000, 0x00000007f9e00000, 0x00000007f9e00000|100%| O|  |TAMS 0x00000007f9c00000| PB 0x00000007f9c00000| Untracked 
|1999|0x00000007f9e00000, 0x00000007fa000000, 0x00000007fa000000|100%| O|  |TAMS 0x00000007f9e00000| PB 0x00000007f9e00000| Untracked 
|2000|0x00000007fa000000, 0x00000007fa200000, 0x00000007fa200000|100%| O|  |TAMS 0x00000007fa000000| PB 0x00000007fa000000| Untracked 
|2001|0x00000007fa200000, 0x00000007fa400000, 0x00000007fa400000|100%| O|  |TAMS 0x00000007fa200000| PB 0x00000007fa200000| Untracked 
|2002|0x00000007fa400000, 0x00000007fa600000, 0x00000007fa600000|100%| O|  |TAMS 0x00000007fa400000| PB 0x00000007fa400000| Untracked 
|2003|0x00000007fa600000, 0x00000007fa600000, 0x00000007fa800000|  0%| F|  |TAMS 0x00000007fa600000| PB 0x00000007fa600000| Untracked 
|2004|0x00000007fa800000, 0x00000007fa800000, 0x00000007faa00000|  0%| F|  |TAMS 0x00000007fa800000| PB 0x00000007fa800000| Untracked 
|2005|0x00000007faa00000, 0x00000007faa00000, 0x00000007fac00000|  0%| F|  |TAMS 0x00000007faa00000| PB 0x00000007faa00000| Untracked 
|2006|0x00000007fac00000, 0x00000007fac00000, 0x00000007fae00000|  0%| F|  |TAMS 0x00000007fac00000| PB 0x00000007fac00000| Untracked 
|2007|0x00000007fae00000, 0x00000007fae00000, 0x00000007fb000000|  0%| F|  |TAMS 0x00000007fae00000| PB 0x00000007fae00000| Untracked 
|2008|0x00000007fb000000, 0x00000007fb000000, 0x00000007fb200000|  0%| F|  |TAMS 0x00000007fb000000| PB 0x00000007fb000000| Untracked 
|2009|0x00000007fb200000, 0x00000007fb400000, 0x00000007fb400000|100%| O|  |TAMS 0x00000007fb200000| PB 0x00000007fb200000| Untracked 
|2010|0x00000007fb400000, 0x00000007fb400000, 0x00000007fb600000|  0%| F|  |TAMS 0x00000007fb400000| PB 0x00000007fb400000| Untracked 
|2011|0x00000007fb600000, 0x00000007fb600000, 0x00000007fb800000|  0%| F|  |TAMS 0x00000007fb600000| PB 0x00000007fb600000| Untracked 
|2012|0x00000007fb800000, 0x00000007fb800000, 0x00000007fba00000|  0%| F|  |TAMS 0x00000007fb800000| PB 0x00000007fb800000| Untracked 
|2013|0x00000007fba00000, 0x00000007fba00000, 0x00000007fbc00000|  0%| F|  |TAMS 0x00000007fba00000| PB 0x00000007fba00000| Untracked 
|2014|0x00000007fbc00000, 0x00000007fbc00000, 0x00000007fbe00000|  0%| F|  |TAMS 0x00000007fbc00000| PB 0x00000007fbc00000| Untracked 
|2015|0x00000007fbe00000, 0x00000007fbe00000, 0x00000007fc000000|  0%| F|  |TAMS 0x00000007fbe00000| PB 0x00000007fbe00000| Untracked 
|2016|0x00000007fc000000, 0x00000007fc000000, 0x00000007fc200000|  0%| F|  |TAMS 0x00000007fc000000| PB 0x00000007fc000000| Untracked 
|2017|0x00000007fc200000, 0x00000007fc200000, 0x00000007fc400000|  0%| F|  |TAMS 0x00000007fc200000| PB 0x00000007fc200000| Untracked 
|2018|0x00000007fc400000, 0x00000007fc400000, 0x00000007fc600000|  0%| F|  |TAMS 0x00000007fc400000| PB 0x00000007fc400000| Untracked 
|2019|0x00000007fc600000, 0x00000007fc800000, 0x00000007fc800000|100%| O|  |TAMS 0x00000007fc600000| PB 0x00000007fc600000| Untracked 
|2020|0x00000007fc800000, 0x00000007fc800000, 0x00000007fca00000|  0%| F|  |TAMS 0x00000007fc800000| PB 0x00000007fc800000| Untracked 
|2021|0x00000007fca00000, 0x00000007fca00000, 0x00000007fcc00000|  0%| F|  |TAMS 0x00000007fca00000| PB 0x00000007fca00000| Untracked 
|2022|0x00000007fcc00000, 0x00000007fcc00000, 0x00000007fce00000|  0%| F|  |TAMS 0x00000007fcc00000| PB 0x00000007fcc00000| Untracked 
|2023|0x00000007fce00000, 0x00000007fce00000, 0x00000007fd000000|  0%| F|  |TAMS 0x00000007fce00000| PB 0x00000007fce00000| Untracked 
|2024|0x00000007fd000000, 0x00000007fd000000, 0x00000007fd200000|  0%| F|  |TAMS 0x00000007fd000000| PB 0x00000007fd000000| Untracked 
|2025|0x00000007fd200000, 0x00000007fd200000, 0x00000007fd400000|  0%| F|  |TAMS 0x00000007fd200000| PB 0x00000007fd200000| Untracked 
|2026|0x00000007fd400000, 0x00000007fd400000, 0x00000007fd600000|  0%| F|  |TAMS 0x00000007fd400000| PB 0x00000007fd400000| Untracked 
|2027|0x00000007fd600000, 0x00000007fd600000, 0x00000007fd800000|  0%| F|  |TAMS 0x00000007fd600000| PB 0x00000007fd600000| Untracked 
|2028|0x00000007fd800000, 0x00000007fd800000, 0x00000007fda00000|  0%| F|  |TAMS 0x00000007fd800000| PB 0x00000007fd800000| Untracked 
|2029|0x00000007fda00000, 0x00000007fda00000, 0x00000007fdc00000|  0%| F|  |TAMS 0x00000007fda00000| PB 0x00000007fda00000| Untracked 
|2030|0x00000007fdc00000, 0x00000007fdc00000, 0x00000007fde00000|  0%| F|  |TAMS 0x00000007fdc00000| PB 0x00000007fdc00000| Untracked 
|2031|0x00000007fde00000, 0x00000007fe000000, 0x00000007fe000000|100%| O|  |TAMS 0x00000007fde00000| PB 0x00000007fde00000| Untracked 
|2032|0x00000007fe000000, 0x00000007fe200000, 0x00000007fe200000|100%| O|  |TAMS 0x00000007fe000000| PB 0x00000007fe000000| Untracked 
|2033|0x00000007fe200000, 0x00000007fe200000, 0x00000007fe400000|  0%| F|  |TAMS 0x00000007fe200000| PB 0x00000007fe200000| Untracked 
|2034|0x00000007fe400000, 0x00000007fe400000, 0x00000007fe600000|  0%| F|  |TAMS 0x00000007fe400000| PB 0x00000007fe400000| Untracked 
|2035|0x00000007fe600000, 0x00000007fe600000, 0x00000007fe800000|  0%| F|  |TAMS 0x00000007fe600000| PB 0x00000007fe600000| Untracked 
|2036|0x00000007fe800000, 0x00000007fe800000, 0x00000007fea00000|  0%| F|  |TAMS 0x00000007fe800000| PB 0x00000007fe800000| Untracked 
|2037|0x00000007fea00000, 0x00000007fea00000, 0x00000007fec00000|  0%| F|  |TAMS 0x00000007fea00000| PB 0x00000007fea00000| Untracked 
|2038|0x00000007fec00000, 0x00000007fec00000, 0x00000007fee00000|  0%| F|  |TAMS 0x00000007fec00000| PB 0x00000007fec00000| Untracked 
|2039|0x00000007fee00000, 0x00000007fee00000, 0x00000007ff000000|  0%| F|  |TAMS 0x00000007fee00000| PB 0x00000007fee00000| Untracked 
|2040|0x00000007ff000000, 0x00000007ff200000, 0x00000007ff200000|100%| O|  |TAMS 0x00000007ff000000| PB 0x00000007ff000000| Untracked 
|2041|0x00000007ff200000, 0x00000007ff400000, 0x00000007ff400000|100%| O|  |TAMS 0x00000007ff200000| PB 0x00000007ff200000| Untracked 
|2042|0x00000007ff400000, 0x00000007ff600000, 0x00000007ff600000|100%| O|  |TAMS 0x00000007ff400000| PB 0x00000007ff400000| Untracked 
|2043|0x00000007ff600000, 0x00000007ff800000, 0x00000007ff800000|100%| O|  |TAMS 0x00000007ff600000| PB 0x00000007ff600000| Untracked 
|2044|0x00000007ff800000, 0x00000007ffa00000, 0x00000007ffa00000|100%| O|  |TAMS 0x00000007ff800000| PB 0x00000007ff800000| Untracked 
|2045|0x00000007ffa00000, 0x00000007ffc00000, 0x00000007ffc00000|100%| O|  |TAMS 0x00000007ffa00000| PB 0x00000007ffa00000| Untracked 
|2046|0x00000007ffc00000, 0x00000007ffe00000, 0x00000007ffe00000|100%| O|  |TAMS 0x00000007ffc00000| PB 0x00000007ffc00000| Untracked 
|2047|0x00000007ffe00000, 0x0000000800000000, 0x0000000800000000|100%| O|  |TAMS 0x00000007ffe00000| PB 0x00000007ffe00000| Untracked 

Card table byte_map: [0x0000021da9110000,0x0000021da9910000] _byte_map_base: 0x0000021da5910000

Marking Bits: (CMBitMap*) 0x0000021d8faea630
 Bits: [0x0000021da9910000, 0x0000021dad910000)

Polling page: 0x0000021d8d8c0000

Metaspace:

Usage:
  Non-class:    356.40 MB used.
      Class:     50.28 MB used.
       Both:    406.68 MB used.

Virtual space:
  Non-class space:      384.00 MB reserved,     358.69 MB ( 93%) committed,  6 nodes.
      Class space:        1.00 GB reserved,      52.81 MB (  5%) committed,  1 nodes.
             Both:        1.38 GB reserved,     411.50 MB ( 29%) committed. 

Chunk freelists:
   Non-Class:  9.04 MB
       Class:  11.10 MB
        Both:  20.14 MB

MaxMetaspaceSize: unlimited
CompressedClassSpaceSize: 1.00 GB
Initial GC threshold: 21.00 MB
Current GC threshold: 685.75 MB
CDS: on
 - commit_granule_bytes: 65536.
 - commit_granule_words: 8192.
 - virtual_space_node_default_size: 8388608.
 - enlarge_chunks_in_place: 1.
 - use_allocation_guard: 0.


Internal statistics:

num_allocs_failed_limit: 12.
num_arena_births: 10126.
num_arena_deaths: 156.
num_vsnodes_births: 7.
num_vsnodes_deaths: 0.
num_space_committed: 6576.
num_space_uncommitted: 0.
num_chunks_returned_to_freelist: 245.
num_chunks_taken_from_freelist: 29296.
num_chunk_merges: 93.
num_chunk_splits: 19671.
num_chunks_enlarged: 13003.
num_inconsistent_stats: 0.

CodeHeap 'non-profiled nmethods': size=120000Kb used=16137Kb max_used=40219Kb free=103862Kb
 bounds [0x0000021da0e90000, 0x0000021da35e0000, 0x0000021da83c0000]
CodeHeap 'profiled nmethods': size=120000Kb used=17941Kb max_used=91756Kb free=102058Kb
 bounds [0x0000021d993c0000, 0x0000021d9ed70000, 0x0000021da08f0000]
CodeHeap 'non-nmethods': size=5760Kb used=3306Kb max_used=3411Kb free=2454Kb
 bounds [0x0000021da08f0000, 0x0000021da0c60000, 0x0000021da0e90000]
CodeCache: size=245760Kb, used=37384Kb, max_used=135386Kb, free=208374Kb
 total_blobs=11661, nmethods=10187, adapters=1371, full_count=0
Compilation: enabled, stopped_count=0, restarted_count=0

Compilation events (20 events):
Event: 1948.933 Thread 0x0000021db0586800 99240       2       com.android.tools.r8.graph.w4::a (73 bytes)
Event: 1948.934 Thread 0x0000021db0586800 nmethod 99240 0x0000021d99de8510 code [0x0000021d99de8740, 0x0000021d99de8d58]
Event: 1948.982 Thread 0x0000021db0586800 99243       3       com.android.tools.r8.internal.V90::a (57 bytes)
Event: 1948.984 Thread 0x0000021db0586800 nmethod 99243 0x0000021d997bac10 code [0x0000021d997bae00, 0x0000021d997bb1f8]
Event: 1948.999 Thread 0x0000021db0586800 99245       3       com.android.tools.r8.synthesis.P::c (27 bytes)
Event: 1948.999 Thread 0x0000021db0586800 nmethod 99245 0x0000021d9a4b0e10 code [0x0000021d9a4b0fe0, 0x0000021d9a4b1318]
Event: 1949.002 Thread 0x0000021db0586800 99247       2       java.util.stream.IntPipeline::mapToObj (15 bytes)
Event: 1949.003 Thread 0x0000021db0586800 nmethod 99247 0x0000021d9b3de310 code [0x0000021d9b3de4c0, 0x0000021d9b3de6d8]
Event: 1949.003 Thread 0x0000021db0586800 99248       2       java.util.stream.IntPipeline$1::<init> (15 bytes)
Event: 1949.004 Thread 0x0000021db0586800 nmethod 99248 0x0000021d9ac11d90 code [0x0000021d9ac11f40, 0x0000021d9ac120d0]
Event: 1949.004 Thread 0x0000021db0586800 99249       2       java.util.stream.Sink$ChainedInt::begin (11 bytes)
Event: 1949.004 Thread 0x0000021db0586800 nmethod 99249 0x0000021d9ab8a390 code [0x0000021d9ab8a540, 0x0000021d9ab8a678]
Event: 1949.014 Thread 0x0000021d850ac530 nmethod 99237 0x0000021da14e9210 code [0x0000021da14e96a0, 0x0000021da14ebe88]
Event: 1949.015 Thread 0x0000021d850ac530 99250       4       com.android.tools.r8.internal.WL::c (170 bytes)
Event: 1949.026 Thread 0x0000021db0586800 99252       2       com.android.tools.r8.internal.y10::a (194 bytes)
Event: 1949.028 Thread 0x0000021db0586800 nmethod 99252 0x0000021d9948d310 code [0x0000021d9948d660, 0x0000021d9948ead0]
Event: 1949.054 Thread 0x0000021d850ac530 nmethod 99250 0x0000021da1954790 code [0x0000021da1954a20, 0x0000021da1955b80]
Event: 1949.054 Thread 0x0000021d850ac530 99254       4       com.android.tools.r8.internal.Af::a (79 bytes)
Event: 1949.077 Thread 0x0000021db0586800 99255       3       com.android.tools.r8.dex.L::a (306 bytes)
Event: 1949.080 Thread 0x0000021db0586800 nmethod 99255 0x0000021d99621110 code [0x0000021d99621540, 0x0000021d996234c0]

GC Heap History (20 events):
Event: 1939.403 GC heap after
{Heap after GC invocations=216 (full 0):
 garbage-first heap   total 1988608K, used 914156K [0x0000000700000000, 0x0000000800000000)
  region size 2048K, 47 young (96256K), 47 survivors (96256K)
 Metaspace       used 416202K, committed 421120K, reserved 1441792K
  class space    used 51478K, committed 54080K, reserved 1048576K
}
Event: 1940.317 GC heap before
{Heap before GC invocations=216 (full 0):
 garbage-first heap   total 1988608K, used 1856236K [0x0000000700000000, 0x0000000800000000)
  region size 2048K, 508 young (1040384K), 47 survivors (96256K)
 Metaspace       used 416214K, committed 421120K, reserved 1441792K
  class space    used 51478K, committed 54080K, reserved 1048576K
}
Event: 1940.381 GC heap after
{Heap after GC invocations=217 (full 0):
 garbage-first heap   total 2004992K, used 900793K [0x0000000700000000, 0x0000000800000000)
  region size 2048K, 29 young (59392K), 29 survivors (59392K)
 Metaspace       used 416214K, committed 421120K, reserved 1441792K
  class space    used 51478K, committed 54080K, reserved 1048576K
}
Event: 1941.312 GC heap before
{Heap before GC invocations=217 (full 0):
 garbage-first heap   total 2004992K, used 1881785K [0x0000000700000000, 0x0000000800000000)
  region size 2048K, 509 young (1042432K), 29 survivors (59392K)
 Metaspace       used 416260K, committed 421184K, reserved 1441792K
  class space    used 51485K, committed 54080K, reserved 1048576K
}
Event: 1941.351 GC heap after
{Heap after GC invocations=218 (full 0):
 garbage-first heap   total 2004992K, used 918201K [0x0000000700000000, 0x0000000800000000)
  region size 2048K, 38 young (77824K), 38 survivors (77824K)
 Metaspace       used 416260K, committed 421184K, reserved 1441792K
  class space    used 51485K, committed 54080K, reserved 1048576K
}
Event: 1942.525 GC heap before
{Heap before GC invocations=219 (full 0):
 garbage-first heap   total 2004992K, used 1895097K [0x0000000700000000, 0x0000000800000000)
  region size 2048K, 515 young (1054720K), 38 survivors (77824K)
 Metaspace       used 416273K, committed 421184K, reserved 1441792K
  class space    used 51485K, committed 54080K, reserved 1048576K
}
Event: 1942.584 GC heap after
{Heap after GC invocations=220 (full 0):
 garbage-first heap   total 2004992K, used 942031K [0x0000000700000000, 0x0000000800000000)
  region size 2048K, 35 young (71680K), 35 survivors (71680K)
 Metaspace       used 416273K, committed 421184K, reserved 1441792K
  class space    used 51485K, committed 54080K, reserved 1048576K
}
Event: 1943.330 GC heap before
{Heap before GC invocations=220 (full 0):
 garbage-first heap   total 2004992K, used 1890255K [0x0000000700000000, 0x0000000800000000)
  region size 2048K, 499 young (1021952K), 35 survivors (71680K)
 Metaspace       used 416283K, committed 421184K, reserved 1441792K
  class space    used 51487K, committed 54080K, reserved 1048576K
}
Event: 1943.387 GC heap after
{Heap after GC invocations=221 (full 0):
 garbage-first heap   total 2015232K, used 937378K [0x0000000700000000, 0x0000000800000000)
  region size 2048K, 38 young (77824K), 38 survivors (77824K)
 Metaspace       used 416283K, committed 421184K, reserved 1441792K
  class space    used 51487K, committed 54080K, reserved 1048576K
}
Event: 1944.187 GC heap before
{Heap before GC invocations=221 (full 0):
 garbage-first heap   total 2015232K, used 1899938K [0x0000000700000000, 0x0000000800000000)
  region size 2048K, 509 young (1042432K), 38 survivors (77824K)
 Metaspace       used 416300K, committed 421184K, reserved 1441792K
  class space    used 51488K, committed 54080K, reserved 1048576K
}
Event: 1944.235 GC heap after
{Heap after GC invocations=222 (full 0):
 garbage-first heap   total 2015232K, used 957879K [0x0000000700000000, 0x0000000800000000)
  region size 2048K, 41 young (83968K), 41 survivors (83968K)
 Metaspace       used 416300K, committed 421184K, reserved 1441792K
  class space    used 51488K, committed 54080K, reserved 1048576K
}
Event: 1945.515 GC heap before
{Heap before GC invocations=223 (full 0):
 garbage-first heap   total 2015232K, used 1904055K [0x0000000700000000, 0x0000000800000000)
  region size 2048K, 504 young (1032192K), 41 survivors (83968K)
 Metaspace       used 416345K, committed 421248K, reserved 1441792K
  class space    used 51488K, committed 54080K, reserved 1048576K
}
Event: 1945.570 GC heap after
{Heap after GC invocations=224 (full 0):
 garbage-first heap   total 2023424K, used 989183K [0x0000000700000000, 0x0000000800000000)
  region size 2048K, 43 young (88064K), 43 survivors (88064K)
 Metaspace       used 416345K, committed 421248K, reserved 1441792K
  class space    used 51488K, committed 54080K, reserved 1048576K
}
Event: 1946.175 GC heap before
{Heap before GC invocations=224 (full 0):
 garbage-first heap   total 2023424K, used 1910783K [0x0000000700000000, 0x0000000800000000)
  region size 2048K, 494 young (1011712K), 43 survivors (88064K)
 Metaspace       used 416373K, committed 421312K, reserved 1441792K
  class space    used 51488K, committed 54080K, reserved 1048576K
}
Event: 1946.242 GC heap after
{Heap after GC invocations=225 (full 0):
 garbage-first heap   total 2060288K, used 987136K [0x0000000700000000, 0x0000000800000000)
  region size 2048K, 44 young (90112K), 44 survivors (90112K)
 Metaspace       used 416373K, committed 421312K, reserved 1441792K
  class space    used 51488K, committed 54080K, reserved 1048576K
}
Event: 1946.979 GC heap before
{Heap before GC invocations=225 (full 0):
 garbage-first heap   total 2060288K, used 1945600K [0x0000000700000000, 0x0000000800000000)
  region size 2048K, 513 young (1050624K), 44 survivors (90112K)
 Metaspace       used 416377K, committed 421312K, reserved 1441792K
  class space    used 51488K, committed 54080K, reserved 1048576K
}
Event: 1947.029 GC heap after
{Heap after GC invocations=226 (full 0):
 garbage-first heap   total 2070528K, used 1018607K [0x0000000700000000, 0x0000000800000000)
  region size 2048K, 46 young (94208K), 46 survivors (94208K)
 Metaspace       used 416377K, committed 421312K, reserved 1441792K
  class space    used 51488K, committed 54080K, reserved 1048576K
}
Event: 1948.080 GC heap before
{Heap before GC invocations=227 (full 0):
 garbage-first heap   total 2070528K, used 1952495K [0x0000000700000000, 0x0000000800000000)
  region size 2048K, 504 young (1032192K), 46 survivors (94208K)
 Metaspace       used 416411K, committed 421312K, reserved 1441792K
  class space    used 51488K, committed 54080K, reserved 1048576K
}
Event: 1948.133 GC heap after
{Heap after GC invocations=228 (full 0):
 garbage-first heap   total 2080768K, used 1048576K [0x0000000700000000, 0x0000000800000000)
  region size 2048K, 48 young (98304K), 48 survivors (98304K)
 Metaspace       used 416411K, committed 421312K, reserved 1441792K
  class space    used 51488K, committed 54080K, reserved 1048576K
}
Event: 1949.082 GC heap before
{Heap before GC invocations=228 (full 0):
 garbage-first heap   total 2080768K, used 1970176K [0x0000000700000000, 0x0000000800000000)
  region size 2048K, 498 young (1019904K), 48 survivors (98304K)
 Metaspace       used 416440K, committed 421376K, reserved 1441792K
  class space    used 51489K, committed 54080K, reserved 1048576K
}

Dll operation events (16 events):
Event: 0.017 Loaded shared library C:\Users\Pandora\.gradle\jdks\azul_systems__inc_-21-amd64-windows.2\bin\java.dll
Event: 0.136 Loaded shared library C:\Users\Pandora\.gradle\jdks\azul_systems__inc_-21-amd64-windows.2\bin\jsvml.dll
Event: 0.169 Loaded shared library C:\Users\Pandora\.gradle\jdks\azul_systems__inc_-21-amd64-windows.2\bin\zip.dll
Event: 0.174 Loaded shared library C:\Users\Pandora\.gradle\jdks\azul_systems__inc_-21-amd64-windows.2\bin\instrument.dll
Event: 0.180 Loaded shared library C:\Users\Pandora\.gradle\jdks\azul_systems__inc_-21-amd64-windows.2\bin\net.dll
Event: 0.185 Loaded shared library C:\Users\Pandora\.gradle\jdks\azul_systems__inc_-21-amd64-windows.2\bin\nio.dll
Event: 0.188 Loaded shared library C:\Users\Pandora\.gradle\jdks\azul_systems__inc_-21-amd64-windows.2\bin\zip.dll
Event: 0.421 Loaded shared library C:\Users\Pandora\.gradle\jdks\azul_systems__inc_-21-amd64-windows.2\bin\jimage.dll
Event: 0.573 Loaded shared library C:\Users\Pandora\.gradle\jdks\azul_systems__inc_-21-amd64-windows.2\bin\verify.dll
Event: 0.654 Loaded shared library C:\Users\Pandora\.gradle\native\1def1411415f61bf3af743bc5b6707747c0891f09f0c88961ee8f79bc544acac\windows-amd64\native-platform.dll
Event: 0.673 Loaded shared library C:\Users\Pandora\.gradle\native\0.2.7\x86_64-windows-gnu\gradle-fileevents.dll
Event: 1.847 Loaded shared library C:\Users\Pandora\.gradle\jdks\azul_systems__inc_-21-amd64-windows.2\bin\management.dll
Event: 1.852 Loaded shared library C:\Users\Pandora\.gradle\jdks\azul_systems__inc_-21-amd64-windows.2\bin\management_ext.dll
Event: 1.976 Loaded shared library C:\Users\Pandora\.gradle\jdks\azul_systems__inc_-21-amd64-windows.2\bin\extnet.dll
Event: 2.165 Loaded shared library C:\Users\Pandora\.gradle\jdks\azul_systems__inc_-21-amd64-windows.2\bin\sunmscapi.dll
Event: 209.796 Loaded shared library C:\Users\Pandora\.gradle\jdks\azul_systems__inc_-21-amd64-windows.2\bin\rmi.dll

Deoptimization events (20 events):
Event: 1948.689 Thread 0x0000021dfd561510 Uncommon trap: trap_request=0xffffffbe fr.pc=0x0000021da2adace8 relative=0x0000000000000c28
Event: 1948.689 Thread 0x0000021d8840ec00 Uncommon trap: trap_request=0xffffffbe fr.pc=0x0000021da2adace8 relative=0x0000000000000c28
Event: 1948.689 Thread 0x0000021dfd561510 Uncommon trap: reason=profile_predicate action=maybe_recompile pc=0x0000021da2adace8 method=com.android.tools.r8.internal.O6.a([Ljava/lang/String;)[B @ 110 c2
Event: 1948.689 Thread 0x0000021d8840ec00 Uncommon trap: reason=profile_predicate action=maybe_recompile pc=0x0000021da2adace8 method=com.android.tools.r8.internal.O6.a([Ljava/lang/String;)[B @ 110 c2
Event: 1948.689 Thread 0x0000021dfd561510 DEOPT PACKING pc=0x0000021da2adace8 sp=0x000000b36b9fa700
Event: 1948.689 Thread 0x0000021d8840ec00 DEOPT PACKING pc=0x0000021da2adace8 sp=0x000000b36aafa450
Event: 1948.689 Thread 0x0000021dfd561510 DEOPT UNPACKING pc=0x0000021da0944422 sp=0x000000b36b9fa6b0 mode 2
Event: 1948.689 Thread 0x0000021d8840ec00 DEOPT UNPACKING pc=0x0000021da0944422 sp=0x000000b36aafa400 mode 2
Event: 1948.690 Thread 0x0000021dfd561510 Uncommon trap: trap_request=0xffffffbe fr.pc=0x0000021da2adace8 relative=0x0000000000000c28
Event: 1948.690 Thread 0x0000021dfd561510 Uncommon trap: reason=profile_predicate action=maybe_recompile pc=0x0000021da2adace8 method=com.android.tools.r8.internal.O6.a([Ljava/lang/String;)[B @ 110 c2
Event: 1948.690 Thread 0x0000021dfd561510 DEOPT PACKING pc=0x0000021da2adace8 sp=0x000000b36b9fa1e0
Event: 1948.690 Thread 0x0000021dfd561510 DEOPT UNPACKING pc=0x0000021da0944422 sp=0x000000b36b9fa190 mode 2
Event: 1948.691 Thread 0x0000021d84c7b0f0 Uncommon trap: trap_request=0xffffffbe fr.pc=0x0000021da2adace8 relative=0x0000000000000c28
Event: 1948.691 Thread 0x0000021d84c7b0f0 Uncommon trap: reason=profile_predicate action=maybe_recompile pc=0x0000021da2adace8 method=com.android.tools.r8.internal.O6.a([Ljava/lang/String;)[B @ 110 c2
Event: 1948.691 Thread 0x0000021dfd561510 Uncommon trap: trap_request=0xffffffbe fr.pc=0x0000021da2adace8 relative=0x0000000000000c28
Event: 1948.691 Thread 0x0000021dfd561510 Uncommon trap: reason=profile_predicate action=maybe_recompile pc=0x0000021da2adace8 method=com.android.tools.r8.internal.O6.a([Ljava/lang/String;)[B @ 110 c2
Event: 1948.691 Thread 0x0000021d84c7b0f0 DEOPT PACKING pc=0x0000021da2adace8 sp=0x000000b36c6fa3f0
Event: 1948.691 Thread 0x0000021dfd561510 DEOPT PACKING pc=0x0000021da2adace8 sp=0x000000b36b9fa550
Event: 1948.691 Thread 0x0000021dfd561510 DEOPT UNPACKING pc=0x0000021da0944422 sp=0x000000b36b9fa500 mode 2
Event: 1948.691 Thread 0x0000021d84c7b0f0 DEOPT UNPACKING pc=0x0000021da0944422 sp=0x000000b36c6fa3a0 mode 2

Classes loaded (20 events):
Event: 1892.491 Loading class java/util/stream/Nodes$IntFixedNodeBuilder
Event: 1892.492 Loading class java/util/stream/Node$Builder$OfInt
Event: 1892.493 Loading class java/util/stream/Node$Builder$OfInt done
Event: 1892.493 Loading class java/util/stream/Nodes$IntArrayNode
Event: 1892.494 Loading class java/util/stream/Nodes$IntArrayNode done
Event: 1892.494 Loading class java/util/stream/Nodes$IntFixedNodeBuilder done
Event: 1893.110 Loading class com/sun/org/apache/xerces/internal/dom/DeferredDOMImplementationImpl
Event: 1893.110 Loading class com/sun/org/apache/xerces/internal/dom/DeferredDOMImplementationImpl done
Event: 1893.432 Loading class java/nio/channels/Channels$WritableByteChannelImpl
Event: 1893.434 Loading class java/nio/channels/Channels$WritableByteChannelImpl done
Event: 1920.939 Loading class java/util/Spliterators$2Adapter
Event: 1920.940 Loading class java/util/Spliterators$2Adapter done
Event: 1920.949 Loading class java/lang/StringUTF16$CodePointsSpliterator
Event: 1920.950 Loading class java/lang/StringUTF16$CodePointsSpliterator done
Event: 1924.662 Loading class com/sun/xml/internal/stream/util/ReadOnlyIterator
Event: 1924.663 Loading class com/sun/xml/internal/stream/util/ReadOnlyIterator done
Event: 1927.321 Loading class com/sun/xml/internal/stream/events/CommentEvent
Event: 1927.321 Loading class javax/xml/stream/events/Comment
Event: 1927.322 Loading class javax/xml/stream/events/Comment done
Event: 1927.322 Loading class com/sun/xml/internal/stream/events/CommentEvent done

Classes unloaded (20 events):
Event: 83.189 Thread 0x0000021db054d1a0 Unloading class 0x0000021db3629000 'java/lang/invoke/LambdaForm$DMH+0x0000021db3629000'
Event: 83.189 Thread 0x0000021db054d1a0 Unloading class 0x0000021db3628c00 'java/lang/invoke/LambdaForm$DMH+0x0000021db3628c00'
Event: 83.189 Thread 0x0000021db054d1a0 Unloading class 0x0000021db3628800 'java/lang/invoke/LambdaForm$DMH+0x0000021db3628800'
Event: 83.189 Thread 0x0000021db054d1a0 Unloading class 0x0000021db3628400 'java/lang/invoke/LambdaForm$DMH+0x0000021db3628400'
Event: 83.189 Thread 0x0000021db054d1a0 Unloading class 0x0000021db360d800 'java/lang/invoke/LambdaForm$DMH+0x0000021db360d800'
Event: 83.189 Thread 0x0000021db054d1a0 Unloading class 0x0000021db360d400 'java/lang/invoke/LambdaForm$DMH+0x0000021db360d400'
Event: 83.189 Thread 0x0000021db054d1a0 Unloading class 0x0000021db360cc00 'java/lang/invoke/LambdaForm$DMH+0x0000021db360cc00'
Event: 83.189 Thread 0x0000021db054d1a0 Unloading class 0x0000021db360d000 'java/lang/invoke/LambdaForm$DMH+0x0000021db360d000'
Event: 83.189 Thread 0x0000021db054d1a0 Unloading class 0x0000021db360c800 'java/lang/invoke/LambdaForm$DMH+0x0000021db360c800'
Event: 83.189 Thread 0x0000021db054d1a0 Unloading class 0x0000021db360c400 'java/lang/invoke/LambdaForm$DMH+0x0000021db360c400'
Event: 584.215 Thread 0x0000021db054d1a0 Unloading class 0x0000021db3a0d800 'jdk/internal/reflect/GeneratedSerializationConstructorAccessor755'
Event: 584.215 Thread 0x0000021db054d1a0 Unloading class 0x0000021db3a0cc00 'jdk/internal/reflect/GeneratedSerializationConstructorAccessor752'
Event: 584.215 Thread 0x0000021db054d1a0 Unloading class 0x0000021db3a0c800 'jdk/internal/reflect/GeneratedSerializationConstructorAccessor751'
Event: 1897.411 Thread 0x0000021db054d1a0 Unloading class 0x0000021db5180800 'java/lang/invoke/LambdaForm$MH+0x0000021db5180800'
Event: 1897.412 Thread 0x0000021db054d1a0 Unloading class 0x0000021db5180400 'java/lang/invoke/LambdaForm$MH+0x0000021db5180400'
Event: 1897.412 Thread 0x0000021db054d1a0 Unloading class 0x0000021db517f800 'java/lang/invoke/LambdaForm$DMH+0x0000021db517f800'
Event: 1897.412 Thread 0x0000021db054d1a0 Unloading class 0x0000021db517f000 'java/lang/invoke/LambdaForm$MH+0x0000021db517f000'
Event: 1897.412 Thread 0x0000021db054d1a0 Unloading class 0x0000021db517e400 'java/lang/invoke/LambdaForm$MH+0x0000021db517e400'
Event: 1897.412 Thread 0x0000021db054d1a0 Unloading class 0x0000021db517dc00 'java/lang/invoke/LambdaForm$DMH+0x0000021db517dc00'
Event: 1897.412 Thread 0x0000021db054d1a0 Unloading class 0x0000021db517c400 'java/lang/invoke/LambdaForm$MH+0x0000021db517c400'

Classes redefined (0 events):
No events

Internal exceptions (20 events):
Event: 1938.562 Thread 0x0000021e0460cdb0 Exception <a 'sun/nio/fs/WindowsException'{0x0000000760f50530}> (0x0000000760f50530) 
thrown [s\src\hotspot\share\prims\jni.cpp, line 520]
Event: 1938.684 Thread 0x0000021d881126f0 Exception <a 'sun/nio/fs/WindowsException'{0x00000007587c9b68}> (0x00000007587c9b68) 
thrown [s\src\hotspot\share\prims\jni.cpp, line 520]
Event: 1939.148 Thread 0x0000021d881126f0 Exception <a 'sun/nio/fs/WindowsException'{0x0000000745080090}> (0x0000000745080090) 
thrown [s\src\hotspot\share\prims\jni.cpp, line 520]
Event: 1940.754 Thread 0x0000021d8840ec00 Exception <a 'sun/nio/fs/WindowsException'{0x000000075fc2f220}> (0x000000075fc2f220) 
thrown [s\src\hotspot\share\prims\jni.cpp, line 520]
Event: 1941.683 Thread 0x0000021d89cc0e20 Exception <a 'sun/nio/fs/WindowsException'{0x00000007612359d8}> (0x00000007612359d8) 
thrown [s\src\hotspot\share\prims\jni.cpp, line 520]
Event: 1942.439 Thread 0x0000021d881126f0 Exception <a 'sun/nio/fs/WindowsException'{0x0000000741352c28}> (0x0000000741352c28) 
thrown [s\src\hotspot\share\prims\jni.cpp, line 520]
Event: 1942.464 Thread 0x0000021d84c7c4a0 Exception <a 'sun/nio/fs/WindowsException'{0x000000073fccf270}> (0x000000073fccf270) 
thrown [s\src\hotspot\share\prims\jni.cpp, line 520]
Event: 1943.881 Thread 0x0000021d84c7c4a0 Exception <a 'sun/nio/fs/WindowsException'{0x000000075278ae80}> (0x000000075278ae80) 
thrown [s\src\hotspot\share\prims\jni.cpp, line 520]
Event: 1943.893 Thread 0x0000021d8840ec00 Exception <a 'sun/nio/fs/WindowsException'{0x0000000751c63f90}> (0x0000000751c63f90) 
thrown [s\src\hotspot\share\prims\jni.cpp, line 520]
Event: 1944.358 Thread 0x0000021d8840ec00 Exception <a 'sun/nio/fs/WindowsException'{0x00000007f97ec2d8}> (0x00000007f97ec2d8) 
thrown [s\src\hotspot\share\prims\jni.cpp, line 520]
Event: 1944.451 Thread 0x0000021d84c7c4a0 Exception <a 'sun/nio/fs/WindowsException'{0x000000076e9241a0}> (0x000000076e9241a0) 
thrown [s\src\hotspot\share\prims\jni.cpp, line 520]
Event: 1945.047 Thread 0x0000021d84c7c4a0 Exception <a 'sun/nio/fs/WindowsException'{0x00000007581a31a0}> (0x00000007581a31a0) 
thrown [s\src\hotspot\share\prims\jni.cpp, line 520]
Event: 1946.326 Thread 0x0000021e0460cdb0 Exception <a 'sun/nio/fs/WindowsException'{0x00000007f687d530}> (0x00000007f687d530) 
thrown [s\src\hotspot\share\prims\jni.cpp, line 520]
Event: 1946.929 Thread 0x0000021d84c7c4a0 Exception <a 'sun/nio/fs/WindowsException'{0x0000000741016ae0}> (0x0000000741016ae0) 
thrown [s\src\hotspot\share\prims\jni.cpp, line 520]
Event: 1947.439 Thread 0x0000021d84c7c4a0 Exception <a 'sun/nio/fs/WindowsException'{0x000000076467cde8}> (0x000000076467cde8) 
thrown [s\src\hotspot\share\prims\jni.cpp, line 520]
Event: 1947.780 Thread 0x0000021d84c7c4a0 Exception <a 'sun/nio/fs/WindowsException'{0x00000007568d7888}> (0x00000007568d7888) 
thrown [s\src\hotspot\share\prims\jni.cpp, line 520]
Event: 1948.138 Thread 0x0000021d84c7c4a0 Exception <a 'sun/nio/fs/WindowsException'{0x00000007fef4fd00}> (0x00000007fef4fd00) 
thrown [s\src\hotspot\share\prims\jni.cpp, line 520]
Event: 1948.263 Thread 0x0000021d881126f0 Exception <a 'sun/nio/fs/WindowsException'{0x0000000771d73510}> (0x0000000771d73510) 
thrown [s\src\hotspot\share\prims\jni.cpp, line 520]
Event: 1948.372 Thread 0x0000021d84c7c4a0 Exception <a 'sun/nio/fs/WindowsException'{0x000000076b6c2c50}> (0x000000076b6c2c50) 
thrown [s\src\hotspot\share\prims\jni.cpp, line 520]
Event: 1948.764 Thread 0x0000021d881126f0 Exception <a 'sun/nio/fs/WindowsException'{0x0000000752e4f540}> (0x0000000752e4f540) 
thrown [s\src\hotspot\share\prims\jni.cpp, line 520]

ZGC Phase Switch (0 events):
No events

VM Operations (20 events):
Event: 1943.387 Executing safepoint VM operation: G1CollectForAllocation (G1 Evacuation Pause) done
Event: 1944.186 Executing safepoint VM operation: G1CollectForAllocation (G1 Evacuation Pause)
Event: 1944.235 Executing safepoint VM operation: G1CollectForAllocation (G1 Evacuation Pause) done
Event: 1944.789 Executing safepoint VM operation: G1PauseRemark
Event: 1944.817 Executing safepoint VM operation: G1PauseRemark done
Event: 1945.122 Executing safepoint VM operation: G1PauseCleanup
Event: 1945.139 Executing safepoint VM operation: G1PauseCleanup done
Event: 1945.515 Executing safepoint VM operation: G1CollectForAllocation (G1 Evacuation Pause)
Event: 1945.570 Executing safepoint VM operation: G1CollectForAllocation (G1 Evacuation Pause) done
Event: 1946.174 Executing safepoint VM operation: G1CollectForAllocation (G1 Evacuation Pause)
Event: 1946.242 Executing safepoint VM operation: G1CollectForAllocation (G1 Evacuation Pause) done
Event: 1946.979 Executing safepoint VM operation: G1CollectForAllocation (G1 Evacuation Pause)
Event: 1947.029 Executing safepoint VM operation: G1CollectForAllocation (G1 Evacuation Pause) done
Event: 1947.612 Executing safepoint VM operation: G1PauseRemark
Event: 1947.639 Executing safepoint VM operation: G1PauseRemark done
Event: 1947.965 Executing safepoint VM operation: G1PauseCleanup
Event: 1947.969 Executing safepoint VM operation: G1PauseCleanup done
Event: 1948.079 Executing safepoint VM operation: G1CollectForAllocation (G1 Evacuation Pause)
Event: 1948.133 Executing safepoint VM operation: G1CollectForAllocation (G1 Evacuation Pause) done
Event: 1949.081 Executing safepoint VM operation: G1CollectForAllocation (G1 Evacuation Pause)

Memory protections (0 events):
No events

Nmethod flushes (20 events):
Event: 1947.637 Thread 0x0000021db054d1a0 flushing  nmethod 0x0000021d9ec14910
Event: 1947.637 Thread 0x0000021db054d1a0 flushing  nmethod 0x0000021d997af190
Event: 1947.637 Thread 0x0000021db054d1a0 flushing  nmethod 0x0000021d9a097990
Event: 1947.637 Thread 0x0000021db054d1a0 flushing  nmethod 0x0000021d9a7f0110
Event: 1947.637 Thread 0x0000021db054d1a0 flushing  nmethod 0x0000021d9b460e90
Event: 1947.637 Thread 0x0000021db054d1a0 flushing  nmethod 0x0000021d9bbdf790
Event: 1947.637 Thread 0x0000021db054d1a0 flushing  nmethod 0x0000021d9bbea690
Event: 1947.637 Thread 0x0000021db054d1a0 flushing  nmethod 0x0000021d9c0c7290
Event: 1947.637 Thread 0x0000021db054d1a0 flushing  nmethod 0x0000021d9c5f2b10
Event: 1947.637 Thread 0x0000021db054d1a0 flushing  nmethod 0x0000021d9c609b90
Event: 1947.637 Thread 0x0000021db054d1a0 flushing  nmethod 0x0000021d9c683490
Event: 1947.637 Thread 0x0000021db054d1a0 flushing  nmethod 0x0000021d9cab0690
Event: 1947.637 Thread 0x0000021db054d1a0 flushing  nmethod 0x0000021d9cab0990
Event: 1947.637 Thread 0x0000021db054d1a0 flushing  nmethod 0x0000021d9cacd690
Event: 1947.637 Thread 0x0000021db054d1a0 flushing  nmethod 0x0000021d9cc17290
Event: 1947.637 Thread 0x0000021db054d1a0 flushing  nmethod 0x0000021d9ccc5c10
Event: 1947.637 Thread 0x0000021db054d1a0 flushing  nmethod 0x0000021d9ccc6290
Event: 1947.637 Thread 0x0000021db054d1a0 flushing  nmethod 0x0000021d9d708710
Event: 1947.637 Thread 0x0000021db054d1a0 flushing  nmethod 0x0000021d9d709390
Event: 1947.637 Thread 0x0000021db054d1a0 flushing  nmethod 0x0000021d9eb6f590

Events (20 events):
Event: 1892.887 Thread 0x0000021d8678abe0 Thread added: 0x0000021d8ba53710
Event: 1893.091 Thread 0x0000021d850b0950 Thread exited: 0x0000021d850b0950
Event: 1893.173 Thread 0x0000021db05831b0 Thread added: 0x0000021d850b1020
Event: 1895.185 Thread 0x0000021dfd549670 Thread exited: 0x0000021dfd549670
Event: 1897.347 Thread 0x0000021d88335b00 Thread exited: 0x0000021d88335b00
Event: 1897.931 Thread 0x0000021dfe284200 Thread added: 0x0000021d88bc5520
Event: 1897.934 Thread 0x0000021dfe284200 Thread added: 0x0000021d88bc2730
Event: 1897.940 Thread 0x0000021dfe284200 Thread added: 0x0000021d88bc5bb0
Event: 1897.946 Thread 0x0000021dfe284200 Thread added: 0x0000021d88bc4e90
Event: 1897.950 Thread 0x0000021dfe284200 Thread added: 0x0000021d88bc6240
Event: 1897.957 Thread 0x0000021dfe284200 Thread added: 0x0000021d88bc2dc0
Event: 1897.961 Thread 0x0000021dfe284200 Thread added: 0x0000021d88bc9d50
Event: 1899.421 Thread 0x0000021dff4e2930 Thread exited: 0x0000021dff4e2930
Event: 1899.533 Thread 0x0000021d850b1020 Thread exited: 0x0000021d850b1020
Event: 1899.564 Thread 0x0000021d850ac530 Thread exited: 0x0000021d850ac530
Event: 1899.824 Thread 0x0000021db0586800 Thread added: 0x0000021d850ac530
Event: 1900.066 Thread 0x0000021db0586800 Thread added: 0x0000021d850b3fd0
Event: 1907.244 Thread 0x0000021dfe27f9d0 Thread exited: 0x0000021dfe27f9d0
Event: 1930.132 Thread 0x0000021dfe284200 Thread added: 0x0000021dfe280060
Event: 1932.152 Thread 0x0000021df94064c0 Thread exited: 0x0000021df94064c0


Dynamic libraries:
0x00007ff6e4300000 - 0x00007ff6e430e000 	C:\Users\Pandora\.gradle\jdks\azul_systems__inc_-21-amd64-windows.2\bin\java.exe
0x00007ffba1b20000 - 0x00007ffba1d87000 	C:\WINDOWS\SYSTEM32\ntdll.dll
0x00007ffba0660000 - 0x00007ffba072b000 	C:\WINDOWS\System32\KERNEL32.DLL
0x00007ffb9ed20000 - 0x00007ffb9f122000 	C:\WINDOWS\System32\KERNELBASE.dll
0x00007ffb9f130000 - 0x00007ffb9f27c000 	C:\WINDOWS\System32\ucrtbase.dll
0x00007ffb8ed40000 - 0x00007ffb8ed59000 	C:\Users\Pandora\.gradle\jdks\azul_systems__inc_-21-amd64-windows.2\bin\jli.dll
0x00007ffb8ed00000 - 0x00007ffb8ed1e000 	C:\Users\Pandora\.gradle\jdks\azul_systems__inc_-21-amd64-windows.2\bin\VCRUNTIME140.dll
0x00007ffba07c0000 - 0x00007ffba098f000 	C:\WINDOWS\System32\USER32.dll
0x00007ffb9f3c0000 - 0x00007ffb9f3e7000 	C:\WINDOWS\System32\win32u.dll
0x00007ffba0b10000 - 0x00007ffba0b3b000 	C:\WINDOWS\System32\GDI32.dll
0x00007ffb9f290000 - 0x00007ffb9f3b9000 	C:\WINDOWS\System32\gdi32full.dll
0x00007ffb9f790000 - 0x00007ffb9f833000 	C:\WINDOWS\System32\msvcp_win.dll
0x00007ffb8bc90000 - 0x00007ffb8bf20000 	C:\WINDOWS\WinSxS\amd64_microsoft.windows.common-controls_6595b64144ccf1df_6.0.26100.9278_none_3e0d1ba8e3303201\COMCTL32.dll
0x00007ffba0450000 - 0x00007ffba04f9000 	C:\WINDOWS\System32\msvcrt.dll
0x00007ffba0350000 - 0x00007ffba0381000 	C:\WINDOWS\System32\IMM32.DLL
0x00007ffb8fa50000 - 0x00007ffb8fa5c000 	C:\Users\Pandora\.gradle\jdks\azul_systems__inc_-21-amd64-windows.2\bin\vcruntime140_1.dll
0x00007ffb87360000 - 0x00007ffb873ed000 	C:\Users\Pandora\.gradle\jdks\azul_systems__inc_-21-amd64-windows.2\bin\msvcp140.dll
0x00007ffb533e0000 - 0x00007ffb541c8000 	C:\Users\Pandora\.gradle\jdks\azul_systems__inc_-21-amd64-windows.2\bin\server\jvm.dll
0x00007ffba0130000 - 0x00007ffba01ec000 	C:\WINDOWS\System32\ADVAPI32.dll
0x00007ffba02a0000 - 0x00007ffba0349000 	C:\WINDOWS\System32\sechost.dll
0x00007ffba1870000 - 0x00007ffba1988000 	C:\WINDOWS\System32\RPCRT4.dll
0x00007ffba0730000 - 0x00007ffba07b0000 	C:\WINDOWS\System32\WS2_32.dll
0x00007ffb97ef0000 - 0x00007ffb97f26000 	C:\WINDOWS\SYSTEM32\WINMM.dll
0x00007ffb99460000 - 0x00007ffb9946b000 	C:\WINDOWS\SYSTEM32\VERSION.dll
0x00007ffb9eb80000 - 0x00007ffb9ebde000 	C:\WINDOWS\SYSTEM32\POWRPROF.dll
0x00007ffb9eb60000 - 0x00007ffb9eb75000 	C:\WINDOWS\SYSTEM32\UMPDC.dll
0x00007ffb9d9b0000 - 0x00007ffb9d9cb000 	C:\WINDOWS\SYSTEM32\kernel.appcore.dll
0x00007ffb8fa20000 - 0x00007ffb8fa2a000 	C:\Users\Pandora\.gradle\jdks\azul_systems__inc_-21-amd64-windows.2\bin\jimage.dll
0x00007ffb93d30000 - 0x00007ffb93f7c000 	C:\WINDOWS\SYSTEM32\DBGHELP.DLL
0x00007ffb9fb90000 - 0x00007ffb9ff15000 	C:\WINDOWS\System32\combase.dll
0x00007ffba0a30000 - 0x00007ffba0b09000 	C:\WINDOWS\System32\OLEAUT32.dll
0x00007ffb81600000 - 0x00007ffb8163b000 	C:\WINDOWS\SYSTEM32\dbgcore.DLL
0x00007ffb9f3f0000 - 0x00007ffb9f49c000 	C:\WINDOWS\System32\bcryptPrimitives.dll
0x00007ffb8fa00000 - 0x00007ffb8fa10000 	C:\Users\Pandora\.gradle\jdks\azul_systems__inc_-21-amd64-windows.2\bin\instrument.dll
0x00007ffb8c350000 - 0x00007ffb8c372000 	C:\Users\Pandora\.gradle\jdks\azul_systems__inc_-21-amd64-windows.2\bin\java.dll
0x00007ffba0b40000 - 0x00007ffba12d8000 	C:\WINDOWS\System32\SHELL32.dll
0x00007ffb9c760000 - 0x00007ffb9d00e000 	C:\WINDOWS\SYSTEM32\windows.storage.dll
0x00007ffb9fa20000 - 0x00007ffb9fb1b000 	C:\WINDOWS\System32\SHCORE.dll
0x00007ffb9fb20000 - 0x00007ffb9fb86000 	C:\WINDOWS\System32\shlwapi.dll
0x00007ffb9ec40000 - 0x00007ffb9ec69000 	C:\WINDOWS\SYSTEM32\profapi.dll
0x00007ffb7efa0000 - 0x00007ffb7f077000 	C:\Users\Pandora\.gradle\jdks\azul_systems__inc_-21-amd64-windows.2\bin\jsvml.dll
0x00007ffb8c1c0000 - 0x00007ffb8c1d8000 	C:\Users\Pandora\.gradle\jdks\azul_systems__inc_-21-amd64-windows.2\bin\zip.dll
0x00007ffb8b950000 - 0x00007ffb8b962000 	C:\Users\Pandora\.gradle\jdks\azul_systems__inc_-21-amd64-windows.2\bin\net.dll
0x00007ffb98460000 - 0x00007ffb9858a000 	C:\WINDOWS\SYSTEM32\WINHTTP.dll
0x00007ffb9df50000 - 0x00007ffb9dfbc000 	C:\WINDOWS\system32\mswsock.dll
0x00007ffb8b7d0000 - 0x00007ffb8b7e6000 	C:\Users\Pandora\.gradle\jdks\azul_systems__inc_-21-amd64-windows.2\bin\nio.dll
0x00007ffb8d930000 - 0x00007ffb8d940000 	C:\Users\Pandora\.gradle\jdks\azul_systems__inc_-21-amd64-windows.2\bin\verify.dll
0x00007ffb8f770000 - 0x00007ffb8f797000 	C:\Users\Pandora\.gradle\native\1def1411415f61bf3af743bc5b6707747c0891f09f0c88961ee8f79bc544acac\windows-amd64\native-platform.dll
0x00007ffb72f80000 - 0x00007ffb72ff8000 	C:\Users\Pandora\.gradle\native\0.2.7\x86_64-windows-gnu\gradle-fileevents.dll
0x00007ffb8d900000 - 0x00007ffb8d90a000 	C:\Users\Pandora\.gradle\jdks\azul_systems__inc_-21-amd64-windows.2\bin\management.dll
0x00007ffb8d1d0000 - 0x00007ffb8d1dc000 	C:\Users\Pandora\.gradle\jdks\azul_systems__inc_-21-amd64-windows.2\bin\management_ext.dll
0x00007ffba1860000 - 0x00007ffba1868000 	C:\WINDOWS\System32\PSAPI.DLL
0x00007ffb9d360000 - 0x00007ffb9d393000 	C:\WINDOWS\SYSTEM32\IPHLPAPI.DLL
0x00007ffba0120000 - 0x00007ffba012a000 	C:\WINDOWS\System32\NSI.dll
0x00007ffb8d130000 - 0x00007ffb8d139000 	C:\Users\Pandora\.gradle\jdks\azul_systems__inc_-21-amd64-windows.2\bin\extnet.dll
0x00007ffb9e370000 - 0x00007ffb9e38b000 	C:\WINDOWS\SYSTEM32\CRYPTSP.dll
0x00007ffb9d910000 - 0x00007ffb9d949000 	C:\WINDOWS\system32\rsaenh.dll
0x00007ffb9e000000 - 0x00007ffb9e034000 	C:\WINDOWS\SYSTEM32\USERENV.dll
0x00007ffb9ec10000 - 0x00007ffb9ec3a000 	C:\WINDOWS\SYSTEM32\bcrypt.dll
0x00007ffb9e1b0000 - 0x00007ffb9e1bc000 	C:\WINDOWS\SYSTEM32\CRYPTBASE.dll
0x00007ffb8cb40000 - 0x00007ffb8cb4e000 	C:\Users\Pandora\.gradle\jdks\azul_systems__inc_-21-amd64-windows.2\bin\sunmscapi.dll
0x00007ffb9f570000 - 0x00007ffb9f6ee000 	C:\WINDOWS\System32\CRYPT32.dll
0x00007ffb9e4e0000 - 0x00007ffb9e510000 	C:\WINDOWS\SYSTEM32\ncrypt.dll
0x00007ffb9e490000 - 0x00007ffb9e4cf000 	C:\WINDOWS\SYSTEM32\NTASN1.dll
0x00007ffb7bfe0000 - 0x00007ffb7bfe8000 	C:\WINDOWS\system32\wshunix.dll
0x00007ffb992e0000 - 0x00007ffb992f8000 	C:\WINDOWS\system32\napinsp.dll
0x00007ffb9d3a0000 - 0x00007ffb9d4f8000 	C:\WINDOWS\SYSTEM32\DNSAPI.dll
0x00007ffb9dd70000 - 0x00007ffb9dd7d000 	C:\WINDOWS\SYSTEM32\DSPARSE.dll
0x00007ffb93400000 - 0x00007ffb93413000 	C:\WINDOWS\System32\winrnr.dll
0x00007ffb8ba90000 - 0x00007ffb8bab7000 	C:\WINDOWS\system32\nlansp_c.dll
0x00007ffb84250000 - 0x00007ffb84266000 	C:\WINDOWS\system32\wshbth.dll
0x00007ffb94dc0000 - 0x00007ffb94dcb000 	C:\Windows\System32\rasadhlp.dll
0x00007ffb95de0000 - 0x00007ffb95e66000 	C:\WINDOWS\System32\fwpuclnt.dll
0x00007ffb8a2e0000 - 0x00007ffb8a2e7000 	C:\Users\Pandora\.gradle\jdks\azul_systems__inc_-21-amd64-windows.2\bin\rmi.dll
0x00007ffb9dae0000 - 0x00007ffb9db16000 	C:\WINDOWS\SYSTEM32\ntmarta.dll

JVMTI agents:
C:\Users\Pandora\.gradle\wrapper\dists\gradle-8.13-bin\5xuhj0ry160q40clulazy9h7d\gradle-8.13\lib\agents\gradle-instrumentation-agent-8.13.jar path:C:\Users\Pandora\.gradle\jdks\azul_systems__inc_-21-amd64-windows.2\bin\instrument.dll, loaded, initialized, instrumentlib options:none

dbghelp: loaded successfully - version: 4.0.5 - missing functions: none
symbol engine: initialized successfully - sym options: 0x614 - pdb path: .;C:\Users\Pandora\.gradle\jdks\azul_systems__inc_-21-amd64-windows.2\bin;C:\WINDOWS\SYSTEM32;C:\WINDOWS\WinSxS\amd64_microsoft.windows.common-controls_6595b64144ccf1df_6.0.26100.9278_none_3e0d1ba8e3303201;C:\Users\Pandora\.gradle\jdks\azul_systems__inc_-21-amd64-windows.2\bin\server;C:\Users\Pandora\.gradle\native\1def1411415f61bf3af743bc5b6707747c0891f09f0c88961ee8f79bc544acac\windows-amd64;C:\Users\Pandora\.gradle\native\0.2.7\x86_64-windows-gnu

VM Arguments:
jvm_args: --add-opens=java.base/java.lang=ALL-UNNAMED --add-opens=java.base/java.lang.invoke=ALL-UNNAMED --add-opens=java.base/java.util=ALL-UNNAMED --add-opens=java.prefs/java.util.prefs=ALL-UNNAMED --add-exports=jdk.compiler/com.sun.tools.javac.api=ALL-UNNAMED --add-exports=jdk.compiler/com.sun.tools.javac.util=ALL-UNNAMED --add-opens=java.base/java.util=ALL-UNNAMED --add-opens=java.prefs/java.util.prefs=ALL-UNNAMED --add-opens=java.base/java.nio.charset=ALL-UNNAMED --add-opens=java.base/java.net=ALL-UNNAMED --add-opens=java.base/java.util.concurrent.atomic=ALL-UNNAMED --add-opens=java.xml/javax.xml.namespace=ALL-UNNAMED -Xmx4096M -Dfile.encoding=UTF-8 -Duser.country=419 -Duser.language=es -Duser.variant -javaagent:C:\Users\Pandora\.gradle\wrapper\dists\gradle-8.13-bin\5xuhj0ry160q40clulazy9h7d\gradle-8.13\lib\agents\gradle-instrumentation-agent-8.13.jar 
java_command: org.gradle.launcher.daemon.bootstrap.GradleDaemon 8.13
java_class_path (initial): C:\Users\Pandora\.gradle\wrapper\dists\gradle-8.13-bin\5xuhj0ry160q40clulazy9h7d\gradle-8.13\lib\gradle-daemon-main-8.13.jar
Launcher Type: SUN_STANDARD

[Global flags]
     intx CICompilerCount                          = 4                                         {product} {ergonomic}
     uint ConcGCThreads                            = 3                                         {product} {ergonomic}
     uint G1ConcRefinementThreads                  = 10                                        {product} {ergonomic}
   size_t G1HeapRegionSize                         = 2097152                                   {product} {ergonomic}
    uintx GCDrainStackTargetSize                   = 64                                        {product} {ergonomic}
   size_t InitialHeapSize                          = 257949696                                 {product} {ergonomic}
   size_t MarkStackSize                            = 4194304                                   {product} {ergonomic}
   size_t MaxHeapSize                              = 4294967296                                {product} {command line}
   size_t MaxNewSize                               = 2575302656                                {product} {ergonomic}
   size_t MinHeapDeltaBytes                        = 2097152                                   {product} {ergonomic}
   size_t MinHeapSize                              = 8388608                                   {product} {ergonomic}
    uintx NonNMethodCodeHeapSize                   = 5839372                                {pd product} {ergonomic}
    uintx NonProfiledCodeHeapSize                  = 122909434                              {pd product} {ergonomic}
    uintx ProfiledCodeHeapSize                     = 122909434                              {pd product} {ergonomic}
    uintx ReservedCodeCacheSize                    = 251658240                              {pd product} {ergonomic}
     bool SegmentedCodeCache                       = true                                      {product} {ergonomic}
   size_t SoftMaxHeapSize                          = 4294967296                             {manageable} {ergonomic}
     bool UseCompressedOops                        = true                           {product lp64_product} {ergonomic}
     bool UseG1GC                                  = true                                      {product} {ergonomic}
     bool UseLargePagesIndividualAllocation        = false                                  {pd product} {ergonomic}

Logging:
Log output configuration:
 #0: stdout all=warning uptime,level,tags foldmultilines=false
 #1: stderr all=off uptime,level,tags foldmultilines=false

Release file:
IMPLEMENTOR="Azul Systems, Inc." 
IMPLEMENTOR_VERSION="Zulu21.50+19-CA" 
JAVA_RUNTIME_VERSION="21.0.11+10-LTS" 
JAVA_VERSION="21.0.11" 
JAVA_VERSION_DATE="2026-04-21" 
LIBC="default" 
MODULES="java.base com.azul.tooling java.logging java.management java.security.sasl java.naming jdk.jfr com.azul.crs.client java.compiler java.datatransfer java.xml java.prefs java.desktop java.instrument java.rmi java.management.rmi java.net.http java.scripting java.security.jgss java.transaction.xa java.sql java.sql.rowset java.xml.crypto java.se java.smartcardio javafx.base jdk.unsupported javafx.graphics javafx.controls javafx.fxml javafx.media jdk.unsupported.desktop javafx.swing jdk.jsobject jdk.xml.dom javafx.web jdk.accessibility jdk.internal.jvmstat jdk.attach jdk.charsets jdk.internal.opt jdk.zipfs jdk.compiler jdk.crypto.ec jdk.crypto.cryptoki jdk.crypto.mscapi jdk.dynalink jdk.internal.ed jdk.editpad jdk.hotspot.agent jdk.httpserver jdk.incubator.vector jdk.internal.le jdk.internal.vm.ci jdk.internal.vm.compiler jdk.internal.vm.compiler.management jdk.jartool jdk.javadoc jdk.jcmd jdk.management jdk.management.agent jdk.jconsole jdk.jdeps jdk.jdwp.agent jdk.jdi jdk.jlink jdk.jpackage jdk.jshell jdk.jstatd jdk.localedata jdk.management.jfr jdk.naming.dns jdk.naming.rmi jdk.net jdk.nio.mapmode jdk.random jdk.sctp jdk.security.auth jdk.security.jgss" 
OS_ARCH="x86_64" 
OS_NAME="Windows" 
SOURCE=".:git:ffff125054c5+" 

Environment Variables:
JAVA_HOME=C:\Program Files\Android\Android Studio\jbr
PATH=C:\Program Files (x86)\Common Files\Oracle\Java\javapath;C:\Python314\Scripts\;C:\Python314\;C:\WINDOWS\system32;C:\WINDOWS;C:\WINDOWS\System32\Wbem;C:\WINDOWS\System32\WindowsPowerShell\v1.0\;C:\WINDOWS\System32\OpenSSH\;C:\Program Files (x86)\Common Files\Acronis\SnapAPI\;C:\Program Files (x86)\Common Files\Acronis\VirtualFile\;C:\Program Files (x86)\Common Files\Acronis\VirtualFile64\;C:\Program Files (x86)\Common Files\Acronis\FileProtector\;C:\Program Files (x86)\Common Files\Acronis\FileProtector64\;C:\Program Files\Git\cmd;C:\Program Files\Android\Android Studio\jbr\bin;C:\Program Files\nodejs\;C:\ProgramData\chocolatey\bin;C:\Users\Pandora\AppData\Local\Microsoft\WindowsApps;C:\Users\Pandora\AppData\Roaming\npm;C:\Users\Pandora\AppData\Local\Programs\Microsoft VS Code\bin;C:\Program Files\JetBrains\IntelliJ IDEA 2026.1.2\bin
USERNAME=Pandora
OS=Windows_NT
PROCESSOR_IDENTIFIER=AMD64 Family 23 Model 96 Stepping 1, AuthenticAMD
TMP=C:\Users\Pandora\AppData\Local\Temp
TEMP=C:\Users\Pandora\AppData\Local\Temp




Periodic native trim disabled

---------------  S Y S T E M  ---------------

OS:
 Windows 11 , 64 bit Build 26100 (10.0.26100.9444)
OS uptime: 1 days 21:07 hours
Hyper-V role detected

CPU: total 12 (initial active 12) (12 cores per cpu, 2 threads per core) family 23 model 96 stepping 1 microcode 0x8600106, cx8, cmov, fxsr, ht, mmx, 3dnowpref, sse, sse2, sse3, ssse3, sse4a, sse4.1, sse4.2, popcnt, lzcnt, tsc, tscinvbit, avx, avx2, aes, clmul, bmi1, bmi2, adx, sha, fma, vzeroupper, clflush, clflushopt, hv, rdtscp, rdpid, f16c
Processor Information for the first 12 processors :
  Max Mhz: 3701, Current Mhz: 3701, Mhz Limit: 3701

Memory: 4k page, system-wide physical 15741M (1132M free)
TotalPageFile size 22677M (AvailPageFile size 310M)
current process WorkingSet (physical memory assigned to process): 2975M, peak: 3042M
current process commit charge ("private bytes"): 3185M, peak: 3585M

vm_info: OpenJDK 64-Bit Server VM (21.0.11+10-LTS) for windows-amd64 JRE (21.0.11+10-LTS) (Zulu21.50+19-CA), built on 2026-04-17T20:44:27Z by "zulu_re" with MS VC++ 17.1 (VS2022)

END.
